Date,Ticker,Open,High,Low,Close,Volume,% var.
2025-01-02,AAPL,248.93,249.1,241.82,243.85,55740700,
2025-01-03,AAPL,243.36,244.18,241.89,243.36,40244100,-0.2
2025-01-06,AAPL,244.31,247.33,243.2,245.0,45045600,0.67
2025-01-07,AAPL,242.98,245.55,241.35,242.21,40856000,-1.14
2025-01-08,AAPL,241.92,243.71,240.05,242.7,37628900,0.2
2025-01-10,AAPL,240.01,240.16,233.0,236.85,61710900,-2.41
2025-01-13,AAPL,233.53,234.67,229.72,234.4,49630700,-1.03
2025-01-14,AAPL,234.75,236.12,232.47,233.28,39435300,-0.48
2025-01-15,AAPL,234.64,238.96,234.43,237.87,39832000,1.97
2025-01-16,AAPL,237.35,238.01,228.03,228.26,71759100,-4.04
2025-01-17,AAPL,232.12,232.29,228.48,229.98,68488300,0.75
2025-01-21,AAPL,224.0,224.42,219.38,222.64,98070400,-3.19
2025-01-22,AAPL,219.79,224.12,219.79,223.83,64126500,0.53
2025-01-23,AAPL,224.74,227.03,222.3,223.66,60234800,-0.08
2025-01-24,AAPL,224.78,225.63,221.41,222.78,54697900,-0.39
2025-01-27,AAPL,224.02,232.15,223.98,229.86,94863400,3.18
2025-01-28,AAPL,230.85,240.19,230.81,238.26,75707600,3.65
2025-01-29,AAPL,234.12,239.86,234.01,239.36,45486100,0.46
2025-01-30,AAPL,238.67,240.79,237.21,237.59,55658300,-0.74
2025-01-31,AAPL,247.19,247.19,233.44,236.0,100959800,-0.67
2025-02-03,AAPL,229.99,231.83,225.7,228.01,73063300,-3.39
2025-02-04,AAPL,227.25,233.13,226.65,232.8,45067300,2.1
2025-02-05,AAPL,228.53,232.67,228.27,232.47,39620300,-0.14
2025-02-06,AAPL,231.29,233.8,230.43,233.22,29925300,0.32
2025-02-07,AAPL,232.6,234.0,227.26,227.63,39707200,-2.4
2025-02-10,AAPL,229.57,230.59,227.2,227.65,33115600,0.01
2025-02-11,AAPL,228.2,235.23,228.13,232.62,53718400,2.18
2025-02-12,AAPL,231.2,236.96,230.68,236.87,45243300,1.83
2025-02-13,AAPL,236.91,242.34,235.57,241.53,53614100,1.97
2025-02-14,AAPL,241.25,245.55,240.99,244.6,40896200,1.27
2025-02-18,AAPL,244.15,245.18,241.84,244.47,48822500,-0.05
2025-02-19,AAPL,244.66,246.01,243.16,244.87,32204200,0.16
2025-02-20,AAPL,244.94,246.78,244.29,245.83,32316900,0.39
2025-02-21,AAPL,245.95,248.69,245.22,245.55,53197400,-0.11
2025-02-24,AAPL,244.93,248.86,244.42,247.1,51326400,0.63
2025-02-25,AAPL,248.0,250.0,244.91,247.04,48013300,-0.02
2025-02-26,AAPL,244.33,244.98,239.13,240.36,44433600,-2.7
2025-02-27,AAPL,239.41,242.46,237.06,237.3,41153600,-1.27
2025-02-28,AAPL,236.95,242.09,230.2,241.84,56833400,1.91
2025-03-03,AAPL,241.79,244.03,236.11,238.03,47184000,-1.58
2025-03-04,AAPL,237.71,240.07,234.68,235.93,53798100,-0.88
2025-03-05,AAPL,235.42,236.55,229.23,235.74,47227600,-0.08
2025-03-06,AAPL,234.44,237.86,233.16,235.33,45170400,-0.17
2025-03-07,AAPL,235.11,241.37,234.76,239.07,46273600,1.59
2025-03-10,AAPL,235.54,236.16,224.22,227.48,72071200,-4.85
2025-03-11,AAPL,223.81,225.84,217.45,220.84,76137400,-2.92
2025-03-12,AAPL,220.14,221.75,214.91,216.98,62547500,-1.75
2025-03-13,AAPL,215.95,216.84,208.42,209.68,61368300,-3.36
2025-03-14,AAPL,211.25,213.95,209.58,213.49,60107600,1.82
2025-03-17,AAPL,213.31,215.22,209.97,214.0,48073400,0.24
2025-03-18,AAPL,214.16,215.15,211.49,212.69,42432400,-0.61
2025-03-19,AAPL,214.22,218.76,213.75,215.24,54385400,1.2
2025-03-20,AAPL,213.99,217.49,212.22,214.1,48862900,-0.53
2025-03-21,AAPL,211.56,218.84,211.28,218.27,94127800,1.95
2025-03-24,AAPL,221.0,221.48,218.58,220.73,44299500,1.13
2025-03-25,AAPL,220.77,224.1,220.08,223.75,34493600,1.37
2025-03-26,AAPL,223.51,225.02,220.47,221.53,34466100,-0.99
2025-03-27,AAPL,221.39,224.99,220.56,223.85,37094800,1.05
2025-03-28,AAPL,221.67,223.81,217.68,217.9,39818600,-2.66
2025-03-31,AAPL,217.01,225.62,216.23,222.13,65299300,1.94
2025-04-01,AAPL,219.81,223.68,218.9,223.19,36412700,0.48
2025-04-02,AAPL,221.32,225.19,221.02,223.89,35905900,0.31
2025-04-03,AAPL,205.54,207.49,201.25,203.19,103419000,-9.25
2025-04-04,AAPL,193.89,199.88,187.34,188.38,125910900,-7.29
2025-04-07,AAPL,177.2,194.15,174.62,181.46,160466300,-3.67
2025-04-08,AAPL,186.7,190.34,169.21,172.42,120859500,-4.98
2025-04-09,AAPL,171.95,200.61,171.89,198.85,184395900,15.33
2025-04-10,AAPL,189.07,194.78,183.0,190.42,121880000,-4.24
2025-04-11,AAPL,186.1,199.54,186.06,198.15,87435900,4.06
2025-04-14,AAPL,211.44,212.94,201.16,202.52,101352900,2.21
2025-04-15,AAPL,201.86,203.51,199.8,202.14,51343900,-0.19
2025-04-16,AAPL,198.36,200.7,192.37,194.27,59732400,-3.89
2025-04-17,AAPL,197.2,198.83,194.42,196.98,52164700,1.39
2025-04-21,AAPL,193.27,193.8,189.81,193.16,46742500,-1.94
2025-04-22,AAPL,196.12,201.59,195.97,199.74,52976400,3.41
2025-04-23,AAPL,206.0,208.0,202.8,204.6,52929200,2.43
2025-04-24,AAPL,204.89,208.83,202.94,208.37,47311000,1.84
2025-04-25,AAPL,206.37,209.75,206.2,209.28,38222300,0.44
2025-04-28,AAPL,210.0,211.5,207.46,210.14,38743100,0.41
2025-04-29,AAPL,208.69,212.24,208.37,211.21,36827600,0.51
2025-04-30,AAPL,209.3,213.58,206.67,212.5,52286500,0.61
2025-05-01,AAPL,209.08,214.56,208.9,213.32,57365700,0.39
2025-05-02,AAPL,206.09,206.99,202.16,205.35,101010600,-3.74
2025-05-05,AAPL,203.1,204.1,198.21,198.89,69018500,-3.15
2025-05-06,AAPL,198.21,200.65,197.02,198.51,51216500,-0.19
2025-05-07,AAPL,199.17,199.44,193.25,196.25,68536700,-1.14
2025-05-08,AAPL,197.72,200.05,194.68,197.49,50478900,0.63
2025-05-09,AAPL,199.0,200.54,197.54,198.53,36453900,0.53
2025-05-12,AAPL,210.97,211.27,206.75,210.79,63775800,6.18
2025-05-13,AAPL,210.43,213.4,209.0,212.93,51909300,1.02
2025-05-14,AAPL,212.43,213.94,210.58,212.33,49325800,-0.28
2025-05-15,AAPL,210.95,212.96,209.54,211.45,45029500,-0.41
2025-05-16,AAPL,212.36,212.57,209.77,211.26,54737900,-0.09
2025-05-19,AAPL,207.91,209.48,204.26,208.78,46140500,-1.17
2025-05-20,AAPL,207.67,208.47,205.03,206.86,42496600,-0.92
2025-05-21,AAPL,205.17,207.04,200.71,202.09,59211800,-2.31
2025-05-22,AAPL,200.71,202.75,199.7,201.36,46742400,-0.36
2025-05-23,AAPL,193.67,197.7,193.46,195.27,78432900,-3.02
2025-05-27,AAPL,198.3,200.74,197.43,200.21,56288500,2.53
2025-05-28,AAPL,200.59,202.73,199.9,200.42,45339700,0.1
2025-05-29,AAPL,203.58,203.81,198.51,199.95,51396800,-0.23
2025-05-30,AAPL,199.37,201.96,196.78,200.85,70819900,0.45
2025-06-02,AAPL,200.28,202.13,200.12,201.7,35423300,0.42
2025-06-03,AAPL,201.35,203.77,200.96,203.27,46381600,0.78
2025-06-04,AAPL,202.91,206.24,202.1,202.82,43604000,-0.22
2025-06-05,AAPL,203.5,204.75,200.15,200.63,55126100,-1.08
2025-06-06,AAPL,203.0,205.7,202.05,203.92,46607700,1.64
2025-06-09,AAPL,204.39,206.0,200.02,201.45,72862600,-1.21
2025-06-10,AAPL,200.6,204.35,200.57,202.67,54672600,0.61
2025-06-11,AAPL,203.5,204.5,198.41,198.78,60989900,-1.92
2025-06-12,AAPL,199.08,199.68,197.36,199.2,43904600,0.21
2025-06-13,AAPL,199.73,200.37,195.7,196.45,51447300,-1.38
2025-06-16,AAPL,197.3,198.69,196.56,198.42,43020700,1.0
2025-06-17,AAPL,197.2,198.39,195.21,195.64,38856200,-1.4
2025-06-18,AAPL,195.94,197.57,195.07,196.58,45394700,0.48
2025-06-20,AAPL,198.24,201.7,196.86,201.0,96813500,2.25
2025-06-23,AAPL,201.63,202.3,198.96,201.5,55814300,0.25
2025-06-24,AAPL,202.59,203.44,200.2,200.3,54064000,-0.6
2025-06-25,AAPL,201.45,203.67,200.62,201.56,39525700,0.63
2025-06-26,AAPL,201.43,202.64,199.46,201.0,50799100,-0.28
2025-06-27,AAPL,201.89,203.22,200.0,201.08,73188600,0.04
2025-06-30,AAPL,202.01,207.39,199.26,205.17,91912800,2.03
2025-07-01,AAPL,206.67,210.19,206.14,207.82,78788900,1.29
2025-07-02,AAPL,208.91,213.34,208.14,212.44,67941800,2.22
2025-07-03,AAPL,212.15,214.65,211.81,213.55,34955800,0.52
2025-07-07,AAPL,212.68,216.23,208.8,209.95,50229000,-1.69
2025-07-08,AAPL,210.1,211.43,208.45,210.01,42848900,0.03
2025-07-09,AAPL,209.53,211.33,207.22,211.14,48749400,0.54
2025-07-10,AAPL,210.51,213.48,210.03,212.41,44443600,0.6
2025-07-11,AAPL,210.57,212.13,209.86,211.16,39765800,-0.59
2025-07-14,AAPL,209.93,210.91,207.54,208.62,38840100,-1.2
2025-07-15,AAPL,209.22,211.89,208.92,209.11,42296300,0.23
2025-07-16,AAPL,210.3,212.4,208.64,210.16,47490500,0.5
2025-07-17,AAPL,210.57,211.8,209.59,210.02,48068100,-0.07
2025-07-18,AAPL,210.87,211.79,209.7,211.18,48974600,0.55
2025-07-21,AAPL,212.1,215.78,211.63,212.48,51377400,0.62
2025-07-22,AAPL,213.14,214.95,212.23,214.4,46404100,0.9
2025-07-23,AAPL,215.0,215.15,212.41,214.15,46989300,-0.12
2025-07-24,AAPL,213.9,215.69,213.53,213.76,46022600,-0.18
2025-07-25,AAPL,214.7,215.24,213.4,213.88,40268800,0.06
2025-07-28,AAPL,214.03,214.85,213.06,214.05,37858000,0.08
2025-07-29,AAPL,214.18,214.81,210.82,211.27,51411700,-1.3
2025-07-30,AAPL,211.9,212.39,207.72,209.05,45512500,-1.05
2025-07-31,AAPL,208.49,209.84,207.16,207.57,80698400,-0.71
2025-08-01,AAPL,210.87,213.58,201.5,202.38,104434500,-2.5
2025-08-04,AAPL,204.51,207.88,201.68,203.35,75109300,0.48
2025-08-05,AAPL,203.4,205.34,202.16,202.92,44155100,-0.21
2025-08-06,AAPL,205.63,215.38,205.59,213.25,108483100,5.09
2025-08-07,AAPL,218.88,220.85,216.58,220.03,90224800,3.18
2025-08-08,AAPL,220.83,231.0,219.25,229.35,113854000,4.24
2025-08-11,AAPL,227.92,229.56,224.76,227.18,61806100,-0.95
2025-08-12,AAPL,228.01,230.8,227.07,229.65,55626200,1.09
2025-08-13,AAPL,231.07,235.0,230.43,233.33,69878500,1.6
2025-08-14,AAPL,234.06,235.12,230.85,232.78,51916300,-0.24
2025-08-15,AAPL,234.0,234.28,229.34,231.59,56038700,-0.51
2025-08-18,AAPL,231.7,233.12,230.11,230.89,37476200,-0.3
2025-08-19,AAPL,231.28,232.87,229.35,230.56,39402600,-0.14
2025-08-20,AAPL,229.98,230.47,225.77,226.01,42263900,-1.97
2025-08-21,AAPL,226.27,226.52,223.78,224.9,30621200,-0.49
2025-08-22,AAPL,226.17,229.09,225.41,227.76,42477800,1.27
2025-08-25,AAPL,226.48,229.3,226.23,227.16,30983100,-0.26
2025-08-26,AAPL,226.87,229.49,224.69,229.31,54575100,0.95
2025-08-27,AAPL,228.61,230.9,228.26,230.49,31259500,0.51
2025-08-28,AAPL,230.82,233.41,229.34,232.56,38074700,0.9
2025-08-29,AAPL,232.51,233.38,231.37,232.14,39418400,-0.18
2025-09-02,AAPL,229.25,230.85,226.97,229.72,44075600,-1.04
2025-09-03,AAPL,237.21,238.85,234.36,238.47,66427800,3.81
2025-09-04,AAPL,238.45,239.9,236.74,239.78,47549400,0.55
2025-09-05,AAPL,240.0,241.32,238.49,239.69,54870400,-0.04
2025-09-08,AAPL,239.3,240.15,236.34,237.88,48999500,-0.76
2025-09-09,AAPL,237.0,238.78,233.36,234.35,66313900,-1.48
2025-09-10,AAPL,232.19,232.42,225.95,226.79,83440800,-3.23
2025-09-11,AAPL,226.88,230.45,226.65,230.03,50208600,1.43
2025-09-12,AAPL,229.22,234.51,229.02,234.07,55824200,1.76
2025-09-15,AAPL,237.0,238.19,235.03,236.7,42699500,1.12
2025-09-16,AAPL,237.18,241.22,236.32,238.15,63421100,0.61
2025-09-17,AAPL,238.97,240.1,237.73,238.99,46508000,0.35
2025-09-18,AAPL,239.97,241.2,236.65,237.88,44249600,-0.46
2025-09-19,AAPL,241.23,246.3,240.21,245.5,163741300,3.2
2025-09-22,AAPL,248.3,256.64,248.12,256.08,105517400,4.31
2025-09-23,AAPL,255.88,257.34,253.58,254.43,60275200,-0.64
2025-09-24,AAPL,255.22,255.74,251.04,252.31,42303700,-0.83
2025-09-25,AAPL,253.21,257.17,251.71,256.87,55202100,1.81
2025-09-26,AAPL,254.1,257.6,253.78,255.46,46076300,-0.55
2025-09-29,AAPL,254.56,255.0,253.01,254.43,40127700,-0.4
2025-09-30,AAPL,254.86,255.92,253.11,254.63,37704300,0.08
2025-10-01,AAPL,255.04,258.79,254.93,255.45,48713900,0.32
2025-10-02,AAPL,256.58,258.18,254.15,257.13,42630200,0.66
2025-10-03,AAPL,254.67,259.24,253.95,258.02,49155600,0.35
2025-10-06,AAPL,257.99,259.07,255.05,256.69,44664100,-0.52
2025-10-07,AAPL,256.81,257.4,255.43,256.48,31955800,-0.08
2025-10-08,AAPL,256.52,258.52,256.11,258.06,36496900,0.62
2025-10-09,AAPL,257.81,258.0,253.14,254.04,38322000,-1.56
2025-10-10,AAPL,254.94,256.38,244.0,245.27,61999100,-3.45
2025-10-13,AAPL,249.38,249.69,245.56,247.66,38142900,0.97
2025-10-14,AAPL,246.6,248.85,244.7,247.77,35478000,0.04
2025-10-15,AAPL,249.49,251.82,247.47,249.34,33893600,0.63
2025-10-16,AAPL,248.25,249.04,245.13,247.45,39777000,-0.76
2025-10-17,AAPL,248.02,253.38,247.27,252.29,49147000,1.96
2025-10-20,AAPL,255.89,264.38,255.63,262.24,90483000,3.94
2025-10-21,AAPL,261.88,265.29,261.83,262.77,46695900,0.2
2025-10-22,AAPL,262.65,262.85,255.43,258.45,45015300,-1.64
2025-10-23,AAPL,259.94,260.62,258.01,259.58,32754900,0.44
2025-10-24,AAPL,261.19,264.13,259.18,262.82,38253700,1.25
2025-10-27,AAPL,264.88,269.12,264.65,268.81,44888200,2.28
2025-10-28,AAPL,268.99,269.89,268.15,269.0,41534800,0.07
2025-10-29,AAPL,269.28,271.41,267.11,269.7,51086700,0.26
2025-10-30,AAPL,271.99,274.14,268.48,271.4,69886500,0.63
2025-10-31,AAPL,276.99,277.32,269.16,270.37,86167100,-0.38
2025-11-03,AAPL,270.42,270.85,266.25,269.05,50194600,-0.49
2025-11-04,AAPL,268.33,271.49,267.62,270.04,49274800,0.37
2025-11-05,AAPL,268.61,271.7,266.93,270.14,43683100,0.04
2025-11-06,AAPL,267.89,273.4,267.89,269.77,51204000,-0.14
2025-11-07,AAPL,269.8,272.29,266.77,268.47,48227400,-0.48
2025-11-10,AAPL,268.96,273.73,267.46,269.43,41312400,0.36
2025-11-11,AAPL,269.81,275.91,269.8,275.25,46208300,2.16
2025-11-12,AAPL,275.0,275.73,271.7,273.47,48398000,-0.65
2025-11-13,AAPL,274.11,276.7,272.09,272.95,49602800,-0.19
2025-11-14,AAPL,271.05,275.96,269.6,272.41,47431300,-0.2
2025-11-17,AAPL,268.82,270.49,265.73,267.46,45018300,-1.82
2025-11-18,AAPL,269.99,270.71,265.32,267.44,45677300,-0.01
2025-11-19,AAPL,265.53,272.21,265.5,268.56,40424500,0.42
2025-11-20,AAPL,270.83,275.43,265.92,266.25,45823600,-0.86
2025-11-21,AAPL,265.95,273.33,265.67,271.49,59030800,1.97
2025-11-24,AAPL,270.9,277.0,270.9,275.92,65585800,1.63
2025-11-25,AAPL,275.27,280.38,275.25,276.97,46914200,0.38
2025-11-26,AAPL,276.96,279.53,276.63,277.55,33431400,0.21
2025-11-28,AAPL,277.26,279.0,275.99,278.85,20135600,0.47
2025-12-01,AAPL,278.01,283.42,276.14,283.1,46587700,1.52
2025-12-02,AAPL,283.0,287.4,282.63,286.19,53669500,1.09
2025-12-03,AAPL,286.2,288.62,283.3,284.15,43538700,-0.71
2025-12-04,AAPL,284.1,284.73,278.59,280.7,43989100,-1.21
2025-12-05,AAPL,280.54,281.14,278.05,278.78,47265800,-0.68
2025-12-08,AAPL,278.13,279.67,276.15,277.89,38211800,-0.32
2025-12-09,AAPL,278.16,280.03,276.92,277.18,32193300,-0.26
2025-12-10,AAPL,277.75,279.75,276.44,278.78,33038300,0.58
2025-12-11,AAPL,279.1,279.59,273.81,278.03,33248000,-0.27
2025-12-12,AAPL,277.9,279.22,276.82,278.28,39532900,0.09
2025-12-15,AAPL,280.15,280.15,272.84,274.11,50409100,-1.5
2025-12-16,AAPL,272.82,275.5,271.79,274.61,37648600,0.18
2025-12-17,AAPL,275.01,276.16,271.64,271.84,50138700,-1.01
2025-12-18,AAPL,273.61,273.63,266.95,272.19,51630700,0.13
2025-12-19,AAPL,272.15,274.6,269.9,273.67,144632000,0.54
2025-12-22,AAPL,272.86,273.88,270.51,270.97,36571800,-0.99
2025-12-23,AAPL,270.84,272.5,269.56,272.36,29642000,0.51
2025-12-24,AAPL,272.34,275.43,272.2,273.81,17910600,0.53
2025-12-26,AAPL,274.16,275.37,272.86,273.4,21521800,-0.15
2025-12-29,AAPL,272.69,274.36,272.35,273.76,23715200,0.13
2025-12-30,AAPL,272.81,274.08,272.28,273.08,22139600,-0.25
2025-12-31,AAPL,273.06,273.68,271.75,271.86,27293600,-0.45
2026-01-02,AAPL,272.26,277.84,269.0,271.01,37838100,-0.31
2026-01-05,AAPL,270.64,271.51,266.14,267.26,45647200,-1.38
2026-01-06,AAPL,267.0,267.55,262.12,262.36,52352100,-1.83
2026-01-07,AAPL,263.2,263.68,259.81,260.33,48309800,-0.77
2026-01-08,AAPL,257.02,259.29,255.7,259.04,50419300,-0.5
2026-01-09,AAPL,259.08,260.21,256.22,259.37,39997000,0.13
2026-01-12,AAPL,259.16,261.3,256.8,260.25,45263800,0.34
2026-01-13,AAPL,258.72,261.81,258.39,261.05,45730800,0.31
2026-01-14,AAPL,259.49,261.82,256.71,259.96,40019400,-0.42
2026-01-15,AAPL,260.65,261.04,257.05,258.21,39388600,-0.67
2026-01-16,AAPL,257.9,258.9,254.93,255.53,72142800,-1.04
2026-01-20,AAPL,252.73,254.79,243.42,246.7,80267500,-3.46
2026-01-21,AAPL,248.7,251.56,245.18,247.65,54641700,0.39
2026-01-22,AAPL,249.2,251.0,248.15,248.35,39708300,0.28
2026-01-23,AAPL,247.32,249.41,244.68,248.04,41689000,-0.12
2026-01-26,AAPL,251.48,256.56,249.8,255.41,55969200,2.97
2026-01-27,AAPL,259.17,261.95,258.21,258.27,49648300,1.12
2026-01-28,AAPL,257.65,258.86,254.51,256.44,41288000,-0.71
2026-01-29,AAPL,258.0,259.65,254.41,258.28,67253000,0.72
2026-01-30,AAPL,255.17,261.9,252.18,259.48,92443400,0.46
2026-02-02,AAPL,260.03,270.49,259.21,270.01,73913400,4.06
2026-02-03,AAPL,269.2,271.88,267.61,269.48,64394700,-0.2
2026-02-04,AAPL,272.29,278.95,272.29,276.49,90545700,2.6
2026-02-05,AAPL,278.13,279.5,273.23,275.91,52977400,-0.21
2026-02-06,AAPL,277.12,280.91,276.93,278.12,50453400,0.8
2026-02-09,AAPL,277.91,278.2,271.7,274.62,44623400,-1.26
2026-02-10,AAPL,274.89,275.37,272.94,273.68,34376900,-0.34
2026-02-11,AAPL,274.7,280.18,274.45,275.5,51931300,0.67
2026-02-12,AAPL,275.59,275.72,260.18,261.73,81077200,-5.0
2026-02-13,AAPL,262.01,262.23,255.45,255.78,56290700,-2.27
2026-02-17,AAPL,258.05,266.29,255.54,263.88,58469100,3.17
2026-02-18,AAPL,263.6,266.82,262.45,264.35,34203300,0.18
2026-02-19,AAPL,262.6,264.48,260.05,260.58,30845300,-1.43
2026-02-20,AAPL,258.97,264.75,258.16,264.58,42070500,1.54
2026-02-23,AAPL,263.49,269.43,263.38,266.18,37308200,0.6
2026-02-24,AAPL,267.86,274.89,267.71,272.14,47014600,2.24
2026-02-25,AAPL,271.78,274.94,271.05,274.23,33714300,0.77
2026-02-26,AAPL,274.95,276.11,270.8,272.95,32345100,-0.47
2026-02-27,AAPL,272.81,272.81,262.89,264.18,72239400,-3.21
2025-01-02,AMZN,222.03,225.15,218.19,220.22,33956600,
2025-01-03,AMZN,222.51,225.36,221.62,224.19,27515600,1.8
2025-01-06,AMZN,226.78,228.84,224.84,227.61,31849800,1.53
2025-01-07,AMZN,227.9,228.38,221.46,222.11,28084200,-2.42
2025-01-08,AMZN,223.19,223.52,220.2,222.13,25033300,0.01
2025-01-10,AMZN,221.46,221.71,216.5,218.94,36811500,-1.44
2025-01-13,AMZN,218.06,219.4,216.47,218.46,27262700,-0.22
2025-01-14,AMZN,220.44,221.82,216.2,217.76,24711700,-0.32
2025-01-15,AMZN,222.83,223.57,220.75,223.35,31291300,2.57
2025-01-16,AMZN,224.42,224.65,220.31,220.66,24757300,-1.2
2025-01-17,AMZN,225.84,226.51,223.08,225.94,42370100,2.39
2025-01-21,AMZN,228.9,231.78,226.94,230.71,39951500,2.11
2025-01-22,AMZN,232.02,235.44,231.19,235.01,41448200,1.86
2025-01-23,AMZN,234.1,235.52,231.51,235.42,26404400,0.17
2025-01-24,AMZN,234.5,236.4,232.93,234.85,25890700,-0.24
2025-01-27,AMZN,226.21,235.61,225.86,235.42,49428300,0.24
2025-01-28,AMZN,234.29,241.77,233.98,238.15,41587200,1.16
2025-01-29,AMZN,239.02,240.39,236.15,237.07,26091700,-0.45
2025-01-30,AMZN,237.14,237.95,232.22,234.64,32020700,-1.03
2025-01-31,AMZN,236.5,240.29,236.41,237.68,36110200,1.3
2025-02-03,AMZN,234.06,239.25,232.9,237.42,37285900,-0.11
2025-02-04,AMZN,239.01,242.52,238.03,242.06,29713800,1.95
2025-02-05,AMZN,237.02,238.32,235.2,236.17,38727300,-2.43
2025-02-06,AMZN,238.01,239.66,236.01,238.83,60897100,1.13
2025-02-07,AMZN,232.5,234.81,228.06,229.15,77539300,-4.05
2025-02-10,AMZN,230.55,233.92,229.2,233.14,35419900,1.74
2025-02-11,AMZN,231.92,233.44,230.13,232.76,23713700,-0.16
2025-02-12,AMZN,230.46,231.18,228.16,228.93,32285200,-1.65
2025-02-13,AMZN,228.85,230.42,227.52,230.37,31346500,0.63
2025-02-14,AMZN,229.2,229.89,227.23,228.68,27031100,-0.73
2025-02-18,AMZN,228.82,229.3,223.72,226.65,42975100,-0.89
2025-02-19,AMZN,225.52,226.83,223.71,226.63,28566700,-0.01
2025-02-20,AMZN,224.78,225.13,221.81,222.88,30001700,-1.65
2025-02-21,AMZN,223.28,223.31,214.74,216.58,55323900,-2.83
2025-02-24,AMZN,217.45,217.72,212.42,212.71,42387600,-1.79
2025-02-25,AMZN,211.63,213.34,204.16,212.8,58958000,0.04
2025-02-26,AMZN,214.94,218.16,213.09,214.35,39120600,0.73
2025-02-27,AMZN,218.35,219.97,208.37,208.74,40548600,-2.62
2025-02-28,AMZN,208.65,212.62,206.99,212.28,51771700,1.7
2025-03-03,AMZN,213.35,214.01,202.55,205.02,42948400,-3.42
2025-03-04,AMZN,200.11,206.8,197.43,203.8,60853100,-0.6
2025-03-05,AMZN,204.8,209.98,203.26,208.36,38610100,2.24
2025-03-06,AMZN,204.4,205.77,198.3,200.7,49863800,-3.68
2025-03-07,AMZN,199.49,202.27,192.53,199.25,59802800,-0.72
2025-03-10,AMZN,195.6,196.73,190.85,194.54,62350900,-2.36
2025-03-11,AMZN,193.9,200.18,193.4,196.59,54002900,1.05
2025-03-12,AMZN,200.72,201.52,195.29,198.89,43679300,1.17
2025-03-13,AMZN,198.17,198.88,191.82,193.89,41270800,-2.51
2025-03-14,AMZN,197.41,198.65,195.32,197.95,38096700,2.09
2025-03-17,AMZN,198.77,199.0,194.32,195.74,47341800,-1.12
2025-03-18,AMZN,192.52,194.0,189.38,192.82,40414900,-1.49
2025-03-19,AMZN,193.38,195.97,191.96,195.54,39442900,1.41
2025-03-20,AMZN,193.07,199.32,192.3,194.95,38921100,-0.3
2025-03-21,AMZN,192.9,196.99,192.52,196.21,60056900,0.65
2025-03-24,AMZN,200.0,203.64,199.95,203.26,41625400,3.59
2025-03-25,AMZN,203.6,206.21,203.22,205.71,31171200,1.21
2025-03-26,AMZN,205.84,206.01,199.93,201.13,32855300,-2.23
2025-03-27,AMZN,200.89,203.79,199.28,201.36,27317700,0.11
2025-03-28,AMZN,198.42,199.26,191.88,192.72,52548200,-4.29
2025-03-31,AMZN,188.19,191.33,184.4,190.26,63547600,-1.28
2025-04-01,AMZN,187.86,193.93,187.2,192.17,41267300,1.0
2025-04-02,AMZN,187.66,198.34,187.66,196.01,53679200,2.0
2025-04-03,AMZN,183.0,184.13,176.92,178.41,95553600,-8.98
2025-04-04,AMZN,167.15,178.14,166.0,171.0,123159400,-4.15
2025-04-07,AMZN,162.0,183.41,161.38,175.26,109327100,2.49
2025-04-08,AMZN,185.23,185.9,168.57,170.66,87710400,-2.62
2025-04-09,AMZN,172.12,192.65,169.93,191.1,116804300,11.98
2025-04-10,AMZN,185.44,186.87,175.85,181.22,68302000,-5.17
2025-04-11,AMZN,179.93,185.86,178.0,184.87,50594300,2.01
2025-04-14,AMZN,186.84,187.44,179.23,182.12,48002500,-1.49
2025-04-15,AMZN,181.41,182.35,177.93,179.59,43642000,-1.39
2025-04-16,AMZN,176.29,179.1,171.41,174.33,51875300,-2.93
2025-04-17,AMZN,176.0,176.21,172.0,172.61,44726500,-0.99
2025-04-21,AMZN,169.6,169.6,165.29,167.32,48126100,-3.06
2025-04-22,AMZN,169.85,176.78,169.35,173.18,56607200,3.5
2025-04-23,AMZN,183.45,187.38,180.19,180.6,63470100,4.28
2025-04-24,AMZN,180.92,186.74,180.18,186.54,43763200,3.29
2025-04-25,AMZN,187.62,189.94,185.49,188.99,36414300,1.31
2025-04-28,AMZN,190.11,190.22,184.89,187.7,33224700,-0.68
2025-04-29,AMZN,183.99,188.02,183.68,187.39,41667300,-0.17
2025-04-30,AMZN,182.17,185.05,178.85,184.42,55176500,-1.58
2025-05-01,AMZN,190.63,191.81,187.5,190.2,74266000,3.13
2025-05-02,AMZN,191.44,192.88,186.4,189.98,77903500,-0.12
2025-05-05,AMZN,186.51,188.18,185.53,186.35,35217500,-1.91
2025-05-06,AMZN,184.57,187.93,183.85,185.01,29314100,-0.72
2025-05-07,AMZN,185.56,190.99,185.01,188.71,43948600,2.0
2025-05-08,AMZN,191.43,194.33,188.82,192.08,41043600,1.79
2025-05-09,AMZN,193.38,194.69,191.16,193.06,29663100,0.51
2025-05-12,AMZN,210.71,211.66,205.75,208.64,75205000,8.07
2025-05-13,AMZN,211.08,214.84,210.1,211.37,56193700,1.31
2025-05-14,AMZN,211.45,211.93,208.85,210.25,38492100,-0.53
2025-05-15,AMZN,206.45,206.88,202.67,205.17,64347300,-2.42
2025-05-16,AMZN,206.85,206.85,204.37,205.59,43318500,0.2
2025-05-19,AMZN,201.65,206.62,201.26,206.16,34314800,0.28
2025-05-20,AMZN,204.63,205.59,202.65,204.07,29470400,-1.01
2025-05-21,AMZN,201.61,203.46,200.06,201.12,42460900,-1.45
2025-05-22,AMZN,201.38,205.76,200.16,203.1,38938900,0.98
2025-05-23,AMZN,198.9,202.37,197.85,200.99,33393500,-1.04
2025-05-27,AMZN,203.09,206.69,202.19,206.02,34892000,2.5
2025-05-28,AMZN,205.92,207.66,204.41,204.72,28549800,-0.63
2025-05-29,AMZN,208.03,208.81,204.23,205.7,34650000,0.48
2025-05-30,AMZN,204.84,205.99,201.7,205.01,51679400,-0.34
2025-06-02,AMZN,204.98,207.0,202.68,206.65,29113300,0.8
2025-06-03,AMZN,207.11,208.95,205.03,205.71,33139100,-0.45
2025-06-04,AMZN,206.55,208.18,205.18,207.23,29915600,0.74
2025-06-05,AMZN,209.55,212.81,207.56,207.91,51864200,0.33
2025-06-06,AMZN,212.4,213.87,210.5,213.57,39832500,2.72
2025-06-09,AMZN,214.75,217.85,212.88,216.98,38102500,1.6
2025-06-10,AMZN,216.78,217.69,214.15,217.61,31303300,0.29
2025-06-11,AMZN,217.41,218.4,212.89,213.2,39326000,-2.03
2025-06-12,AMZN,211.78,213.58,211.33,213.24,27640000,0.02
2025-06-13,AMZN,209.96,214.05,209.62,212.1,29337800,-0.53
2025-06-16,AMZN,212.31,217.06,211.6,216.1,33284200,1.89
2025-06-17,AMZN,215.2,217.41,214.56,214.82,32086300,-0.59
2025-06-18,AMZN,215.09,217.96,212.34,212.52,44360500,-1.07
2025-06-20,AMZN,214.68,214.89,208.27,209.69,75350700,-1.33
2025-06-23,AMZN,209.79,210.39,207.31,208.47,37311700,-0.58
2025-06-24,AMZN,212.14,214.34,211.05,212.77,38378800,2.06
2025-06-25,AMZN,214.62,216.03,211.11,211.99,31755700,-0.37
2025-06-26,AMZN,213.12,218.04,212.01,217.12,50480800,2.42
2025-06-27,AMZN,219.92,223.3,216.74,223.3,119217100,2.85
2025-06-30,AMZN,223.52,223.82,219.12,219.39,58887800,-1.75
2025-07-01,AMZN,219.5,221.88,217.93,220.46,39256800,0.49
2025-07-02,AMZN,219.73,221.6,219.06,219.92,30894200,-0.24
2025-07-03,AMZN,221.82,224.01,221.36,223.41,29632400,1.59
2025-07-07,AMZN,223.0,224.29,222.37,223.47,36604100,0.03
2025-07-08,AMZN,223.92,224.0,218.43,219.36,45692000,-1.84
2025-07-09,AMZN,221.07,224.29,220.47,222.54,38155100,1.45
2025-07-10,AMZN,221.55,222.79,219.7,222.26,30370600,-0.13
2025-07-11,AMZN,223.58,226.68,222.37,225.02,50518300,1.24
2025-07-14,AMZN,225.07,226.66,224.24,225.69,35702600,0.3
2025-07-15,AMZN,226.2,227.27,225.46,226.35,34907300,0.29
2025-07-16,AMZN,225.88,226.1,222.18,223.19,39535900,-1.4
2025-07-17,AMZN,223.32,224.5,222.51,223.88,31855800,0.31
2025-07-18,AMZN,225.14,226.4,222.98,226.13,37833800,1.01
2025-07-21,AMZN,225.84,229.69,225.65,229.3,40297600,1.4
2025-07-22,AMZN,229.68,230.0,226.35,227.47,37483700,-0.8
2025-07-23,AMZN,228.47,228.79,227.09,228.29,28294900,0.36
2025-07-24,AMZN,229.17,236.0,228.64,232.23,42902300,1.73
2025-07-25,AMZN,232.22,232.48,231.18,231.44,28712100,-0.34
2025-07-28,AMZN,233.35,234.29,232.25,232.79,26300100,0.58
2025-07-29,AMZN,234.15,234.72,230.31,231.01,33716200,-0.76
2025-07-30,AMZN,231.64,231.8,229.29,230.19,32993300,-0.35
2025-07-31,AMZN,235.77,236.53,231.4,234.11,104357300,1.7
2025-08-01,AMZN,217.21,220.44,212.8,214.75,122258800,-8.27
2025-08-04,AMZN,217.4,217.44,211.42,211.65,77890100,-1.44
2025-08-05,AMZN,213.05,216.3,212.87,213.75,51505100,0.99
2025-08-06,AMZN,214.7,222.65,213.74,222.31,54823000,4.0
2025-08-07,AMZN,221.0,226.22,220.82,223.13,40603500,0.37
2025-08-08,AMZN,223.14,223.8,221.88,222.69,32970500,-0.2
2025-08-11,AMZN,221.78,223.05,220.4,221.3,31646200,-0.62
2025-08-12,AMZN,222.23,223.5,219.05,221.47,37185800,0.08
2025-08-13,AMZN,222.0,224.92,222.0,224.56,36508300,1.4
2025-08-14,AMZN,227.4,233.11,227.02,230.98,61545800,2.86
2025-08-15,AMZN,232.58,234.08,229.81,231.03,39649200,0.02
2025-08-18,AMZN,230.23,231.91,228.33,231.49,25248900,0.2
2025-08-19,AMZN,230.09,230.53,227.12,228.01,29891000,-1.5
2025-08-20,AMZN,227.12,227.27,220.92,223.81,36604300,-1.84
2025-08-21,AMZN,222.65,222.78,220.5,221.95,32140500,-0.83
2025-08-22,AMZN,222.79,229.14,220.82,228.84,37315300,3.1
2025-08-25,AMZN,227.35,229.6,227.31,227.94,22633700,-0.39
2025-08-26,AMZN,227.11,229.0,226.02,228.71,26105400,0.34
2025-08-27,AMZN,228.57,229.87,227.81,229.12,21254500,0.18
2025-08-28,AMZN,229.01,232.71,228.02,231.6,33679600,1.08
2025-08-29,AMZN,231.32,231.81,228.16,229.0,26199200,-1.12
2025-09-02,AMZN,223.52,226.17,221.83,225.34,38843900,-1.6
2025-09-03,AMZN,225.21,227.17,224.36,225.99,29223100,0.29
2025-09-04,AMZN,231.19,235.77,230.78,235.68,59391800,4.29
2025-09-05,AMZN,235.19,236.0,231.93,232.33,36721800,-1.42
2025-09-08,AMZN,234.94,237.6,233.75,235.84,33947100,1.51
2025-09-09,AMZN,236.36,238.85,235.08,238.24,27033800,1.02
2025-09-10,AMZN,237.52,237.68,229.1,230.33,60907700,-3.32
2025-09-11,AMZN,231.49,231.53,229.34,229.95,37485600,-0.16
2025-09-12,AMZN,230.35,230.79,226.29,228.15,38496200,-0.78
2025-09-15,AMZN,230.63,233.73,230.32,231.43,33243300,1.44
2025-09-16,AMZN,232.94,235.9,232.23,234.05,38203900,1.13
2025-09-17,AMZN,233.77,234.3,228.71,231.62,42815200,-1.04
2025-09-18,AMZN,232.5,233.48,228.79,231.23,37931700,-0.17
2025-09-19,AMZN,232.37,234.16,229.7,231.48,97943200,0.11
2025-09-22,AMZN,230.56,230.57,227.51,227.63,45914500,-1.66
2025-09-23,AMZN,227.83,227.86,220.07,220.71,70956200,-3.04
2025-09-24,AMZN,224.15,224.56,219.45,220.21,49509000,-0.23
2025-09-25,AMZN,220.06,220.67,216.47,218.15,52226300,-0.94
2025-09-26,AMZN,219.08,221.05,218.02,219.78,41650100,0.75
2025-09-29,AMZN,220.08,222.6,219.3,222.17,44259200,1.09
2025-09-30,AMZN,222.03,222.24,217.89,219.57,48396400,-1.17
2025-10-01,AMZN,217.36,222.15,216.61,220.63,43933800,0.48
2025-10-02,AMZN,221.01,222.81,218.95,222.41,41258600,0.81
2025-10-03,AMZN,223.44,224.2,219.34,219.51,43639000,-1.3
2025-10-06,AMZN,221.0,221.73,216.03,220.9,43690900,0.63
2025-10-07,AMZN,220.88,222.89,220.17,221.78,31194700,0.4
2025-10-08,AMZN,222.92,226.73,221.19,225.22,46686000,1.55
2025-10-09,AMZN,225.0,228.21,221.75,227.74,46412100,1.12
2025-10-10,AMZN,226.21,228.25,216.0,216.37,72367500,-4.99
2025-10-13,AMZN,217.7,220.68,217.04,220.07,37809700,1.71
2025-10-14,AMZN,215.56,219.32,212.6,216.39,45665600,-1.67
2025-10-15,AMZN,216.62,217.71,212.66,215.57,45909500,-0.38
2025-10-16,AMZN,215.67,218.59,212.81,214.47,42414600,-0.51
2025-10-17,AMZN,214.56,214.8,211.03,213.04,45986900,-0.67
2025-10-20,AMZN,213.88,216.69,213.59,216.48,38882800,1.61
2025-10-21,AMZN,218.43,223.32,217.99,222.03,50494600,2.56
2025-10-22,AMZN,219.3,220.01,216.52,217.95,44308500,-1.84
2025-10-23,AMZN,219.0,221.3,218.18,221.09,31540000,1.44
2025-10-24,AMZN,221.97,225.4,221.9,224.21,38685100,1.41
2025-10-27,AMZN,227.66,228.4,225.54,226.97,38267000,1.23
2025-10-28,AMZN,228.22,231.49,226.21,229.25,47100000,1.0
2025-10-29,AMZN,231.67,232.82,227.76,230.3,52036200,0.46
2025-10-30,AMZN,227.06,228.44,222.75,222.86,102252900,-3.23
2025-10-31,AMZN,250.1,250.5,243.98,244.22,166340800,9.58
2025-11-03,AMZN,255.36,258.6,252.9,254.0,95997800,4.0
2025-11-04,AMZN,250.38,257.01,248.66,249.32,51546300,-1.84
2025-11-05,AMZN,249.03,251.0,246.16,250.2,40610700,0.35
2025-11-06,AMZN,249.16,250.38,242.17,243.04,46004200,-2.86
2025-11-07,AMZN,242.9,244.9,238.49,244.41,46374300,0.56
2025-11-10,AMZN,248.34,251.75,245.59,248.4,36476500,1.63
2025-11-11,AMZN,248.41,249.75,247.23,249.1,23564100,0.28
2025-11-12,AMZN,250.24,250.37,243.75,244.2,31190100,-1.97
2025-11-13,AMZN,243.05,243.75,236.5,237.58,41401700,-2.71
2025-11-14,AMZN,235.06,238.73,232.89,234.69,38956700,-1.22
2025-11-17,AMZN,233.25,234.6,229.19,232.87,59919000,-0.78
2025-11-18,AMZN,228.1,230.2,222.42,222.55,60608400,-4.43
2025-11-19,AMZN,223.74,223.74,218.52,222.69,58335600,0.06
2025-11-20,AMZN,227.05,227.41,216.74,217.14,50309000,-2.49
2025-11-21,AMZN,216.35,222.21,215.18,220.69,68490500,1.63
2025-11-24,AMZN,222.56,227.33,222.27,226.28,54318400,2.53
2025-11-25,AMZN,226.38,230.52,223.8,229.67,39379300,1.5
2025-11-26,AMZN,230.74,231.75,228.77,229.16,38497900,-0.22
2025-11-28,AMZN,231.24,233.29,230.22,233.22,20292300,1.77
2025-12-01,AMZN,233.22,235.8,232.25,233.88,42904000,0.28
2025-12-02,AMZN,235.01,238.97,233.55,234.42,45785400,0.23
2025-12-03,AMZN,233.35,233.38,230.61,232.38,35495100,-0.87
2025-12-04,AMZN,232.77,233.5,226.8,229.11,45683200,-1.41
2025-12-05,AMZN,230.32,231.24,228.55,229.53,33117400,0.18
2025-12-08,AMZN,229.59,230.83,226.27,226.89,35019200,-1.15
2025-12-09,AMZN,226.84,228.57,225.11,227.92,25841700,0.45
2025-12-10,AMZN,228.81,232.42,228.46,231.78,38790700,1.69
2025-12-11,AMZN,230.71,232.11,228.69,230.28,28249600,-0.65
2025-12-12,AMZN,229.87,230.08,225.12,226.19,35639100,-1.78
2025-12-15,AMZN,227.93,227.93,221.5,222.54,47286100,-1.61
2025-12-16,AMZN,223.04,223.66,221.13,222.56,39298900,0.01
2025-12-17,AMZN,224.66,225.19,220.99,221.27,44034400,-0.58
2025-12-18,AMZN,225.71,229.23,224.41,226.76,50272400,2.48
2025-12-19,AMZN,226.76,229.13,225.58,227.35,85544400,0.26
2025-12-22,AMZN,228.61,229.48,226.71,228.43,32261300,0.48
2025-12-23,AMZN,229.06,232.45,228.73,232.14,29230200,1.62
2025-12-24,AMZN,232.13,232.95,231.33,232.38,11420500,0.1
2025-12-26,AMZN,232.04,232.99,231.18,232.52,15994700,0.06
2025-12-29,AMZN,231.94,232.6,230.77,232.07,19797900,-0.19
2025-12-30,AMZN,231.21,232.77,230.2,232.53,21910500,0.2
2025-12-31,AMZN,232.91,232.99,230.12,230.82,24383700,-0.74
2026-01-02,AMZN,231.34,235.46,224.7,226.5,51456200,-1.87
2026-01-05,AMZN,228.84,234.0,227.18,233.06,49733300,2.9
2026-01-06,AMZN,232.1,243.18,232.07,240.93,53764700,3.38
2026-01-07,AMZN,239.61,245.29,239.52,241.56,42236500,0.26
2026-01-08,AMZN,243.06,246.41,241.88,246.29,39509800,1.96
2026-01-09,AMZN,244.57,247.86,242.24,247.38,34560000,0.44
2026-01-12,AMZN,246.73,248.94,245.96,246.47,35867800,-0.37
2026-01-13,AMZN,246.53,247.66,240.25,242.6,38371800,-1.57
2026-01-14,AMZN,241.15,241.28,236.22,236.65,41410600,-2.45
2026-01-15,AMZN,239.31,240.65,236.63,238.18,43003600,0.65
2026-01-16,AMZN,239.09,239.57,236.41,239.12,45888300,0.39
2026-01-20,AMZN,233.76,235.09,229.34,231.0,47737900,-3.4
2026-01-21,AMZN,231.09,232.3,226.88,231.31,47276100,0.13
2026-01-22,AMZN,234.05,235.72,230.9,234.34,31913300,1.31
2026-01-23,AMZN,234.96,240.45,234.57,239.16,33778500,2.06
2026-01-26,AMZN,239.98,240.95,237.54,238.42,32825500,-0.31
2026-01-27,AMZN,239.69,244.88,238.08,244.68,38029200,2.63
2026-01-28,AMZN,246.37,247.78,241.53,243.01,40882700,-0.68
2026-01-29,AMZN,242.82,243.0,236.74,241.73,47229600,-0.53
2026-01-30,AMZN,239.89,243.32,237.64,239.3,46585000,-1.01
2026-02-02,AMZN,238.31,245.63,238.17,242.96,37546100,1.53
2026-02-03,AMZN,244.98,246.35,235.45,238.62,53831300,-1.79
2026-02-04,AMZN,238.86,238.86,231.82,232.99,51299900,-2.36
2026-02-05,AMZN,224.91,226.31,220.38,222.69,103509200,-4.42
2026-02-06,AMZN,202.7,211.44,200.31,210.32,179210900,-5.55
2026-02-09,AMZN,208.97,212.81,203.35,208.72,91178400,-0.76
2026-02-10,AMZN,208.8,212.65,206.41,206.96,67175000,-0.84
2026-02-11,AMZN,208.06,208.57,202.49,204.08,65545500,-1.39
2026-02-12,AMZN,203.96,203.96,197.56,199.6,83975400,-2.2
2026-02-13,AMZN,198.88,201.16,197.28,198.79,66321600,-0.41
2026-02-17,AMZN,198.13,201.74,196.0,201.15,69879200,1.19
2026-02-18,AMZN,202.07,206.86,201.51,204.79,51003300,1.81
2026-02-19,AMZN,203.8,205.64,202.81,204.86,35669600,0.03
2026-02-20,AMZN,204.76,211.17,203.75,210.11,65881600,2.56
2026-02-23,AMZN,208.1,208.43,203.11,205.27,53581500,-2.3
2026-02-24,AMZN,205.47,210.36,203.25,208.56,41137200,1.6
2026-02-25,AMZN,210.46,211.59,208.93,210.64,41346400,1.0
2026-02-26,AMZN,210.73,211.05,205.35,207.92,47756800,-1.29
2026-02-27,AMZN,206.83,210.33,205.2,210.0,57230900,1.0
2025-01-02,AVGO,236.16,239.5,230.24,231.98,31525800,
2025-01-03,AVGO,233.59,236.49,229.0,232.55,24973200,0.25
2025-01-06,AVGO,236.5,241.75,233.3,236.41,34028400,1.66
2025-01-07,AVGO,239.5,239.5,227.6,228.64,25928600,-3.29
2025-01-08,AVGO,229.7,232.47,226.06,229.31,18756500,0.29
2025-01-10,AVGO,227.3,227.83,221.25,224.31,23864000,-2.18
2025-01-13,AVGO,219.99,229.26,219.51,225.29,23772100,0.44
2025-01-14,AVGO,226.57,230.26,223.1,224.7,18143100,-0.26
2025-01-15,AVGO,228.55,230.34,225.58,228.0,21745600,1.47
2025-01-16,AVGO,235.22,238.6,229.21,229.41,23471900,0.62
2025-01-17,AVGO,237.08,238.1,232.66,237.44,31196600,3.5
2025-01-21,AVGO,241.5,242.75,237.4,240.31,30903200,1.21
2025-01-22,AVGO,246.75,246.99,240.69,240.91,29610500,0.25
2025-01-23,AVGO,238.41,240.4,236.12,240.28,17653900,-0.26
2025-01-24,AVGO,244.7,249.59,241.91,244.7,25387800,1.84
2025-01-27,AVGO,213.4,218.43,196.23,202.13,90569400,-17.4
2025-01-28,AVGO,208.01,209.95,198.89,207.36,50316000,2.59
2025-01-29,AVGO,208.84,211.45,202.77,206.35,32533700,-0.49
2025-01-30,AVGO,218.57,221.96,213.7,215.66,42449500,4.51
2025-01-31,AVGO,219.66,226.8,216.3,221.27,41104700,2.6
2025-02-03,AVGO,215.46,220.94,213.51,217.73,24507300,-1.6
2025-02-04,AVGO,219.35,223.03,215.3,222.43,23768500,2.16
2025-02-05,AVGO,233.94,237.93,227.5,232.0,29196000,4.3
2025-02-06,AVGO,234.5,234.8,228.56,231.36,21169500,-0.28
2025-02-07,AVGO,235.0,235.65,224.11,224.87,22117500,-2.81
2025-02-10,AVGO,227.43,235.82,227.12,235.04,23901600,4.52
2025-02-11,AVGO,232.48,237.89,229.97,235.04,18476200,0.0
2025-02-12,AVGO,230.36,236.48,230.0,236.35,16397300,0.56
2025-02-13,AVGO,236.06,236.95,230.73,235.8,20962000,-0.23
2025-02-14,AVGO,234.53,235.74,228.9,233.04,16988800,-1.17
2025-02-18,AVGO,230.1,232.2,224.3,228.53,26080500,-1.94
2025-02-19,AVGO,227.85,229.07,224.4,228.73,16375500,0.09
2025-02-20,AVGO,228.65,228.98,222.75,226.74,16104000,-0.87
2025-02-21,AVGO,225.65,227.75,215.63,218.66,24883600,-3.56
2025-02-24,AVGO,218.6,219.48,207.54,207.93,33050400,-4.91
2025-02-25,AVGO,207.0,208.64,200.92,202.54,33100800,-2.59
2025-02-26,AVGO,206.91,213.54,206.0,212.94,21368300,5.13
2025-02-27,AVGO,217.28,219.25,197.4,197.8,27572900,-7.11
2025-02-28,AVGO,195.76,201.19,193.15,199.43,39747200,0.82
2025-03-03,AVGO,204.0,204.06,184.53,187.37,37435600,-6.05
2025-03-04,AVGO,189.22,193.95,180.48,187.48,37910500,0.06
2025-03-05,AVGO,191.86,194.08,187.1,191.58,25644500,2.19
2025-03-06,AVGO,181.04,186.83,177.61,179.45,56864100,-6.33
2025-03-07,AVGO,187.73,195.48,181.56,194.96,74528900,8.64
2025-03-10,AVGO,189.6,191.98,180.43,184.45,44217100,-5.39
2025-03-11,AVGO,188.05,195.62,185.35,190.09,42153200,3.06
2025-03-12,AVGO,196.22,199.98,192.45,194.23,30409700,2.18
2025-03-13,AVGO,193.15,196.32,189.47,191.36,27236100,-1.48
2025-03-14,AVGO,196.2,197.5,193.2,195.54,25900900,2.18
2025-03-17,AVGO,188.05,196.72,187.5,194.5,26830600,-0.53
2025-03-18,AVGO,190.44,192.89,186.9,188.67,24951000,-3.0
2025-03-19,AVGO,189.34,198.27,186.9,195.57,37962700,3.66
2025-03-20,AVGO,191.52,193.84,188.94,190.54,31430000,-2.57
2025-03-21,AVGO,188.21,192.07,187.37,191.66,43086500,0.59
2025-03-24,AVGO,194.3,196.69,190.67,191.25,33180300,-0.21
2025-03-25,AVGO,190.89,191.6,187.68,188.26,23417300,-1.56
2025-03-26,AVGO,186.66,188.06,177.58,179.27,30578500,-4.78
2025-03-27,AVGO,177.66,178.38,170.46,171.99,32151700,-4.06
2025-03-28,AVGO,171.93,173.3,166.47,169.12,30391500,-1.67
2025-03-31,AVGO,164.49,167.94,160.62,167.43,35656400,-1.0
2025-04-01,AVGO,166.37,168.71,163.42,168.52,20472400,0.65
2025-04-02,AVGO,166.08,173.43,165.5,172.09,19523700,2.12
2025-04-03,AVGO,160.54,163.43,153.7,154.01,44354900,-10.51
2025-04-04,AVGO,148.17,152.8,139.17,146.29,72302200,-5.01
2025-04-07,AVGO,144.49,160.43,138.1,154.14,68503500,5.37
2025-04-08,AVGO,167.62,169.78,153.09,156.03,58888200,1.23
2025-04-09,AVGO,160.5,187.33,157.51,185.15,72708300,18.66
2025-04-10,AVGO,175.3,176.95,166.4,172.3,51212200,-6.94
2025-04-11,AVGO,173.62,182.66,173.31,181.94,33964100,5.59
2025-04-14,AVGO,185.08,186.0,175.82,178.36,25748300,-1.97
2025-04-15,AVGO,179.73,182.26,178.08,178.95,17242400,0.33
2025-04-16,AVGO,170.43,176.08,166.92,174.61,34638600,-2.43
2025-04-17,AVGO,176.25,176.25,169.92,170.99,22501800,-2.07
2025-04-21,AVGO,166.99,168.0,161.61,166.21,23469800,-2.8
2025-04-22,AVGO,167.43,170.52,165.22,169.58,18504900,2.03
2025-04-23,AVGO,177.78,180.45,175.82,176.91,24380500,4.32
2025-04-24,AVGO,179.69,188.57,178.3,188.15,27576900,6.35
2025-04-25,AVGO,186.92,193.37,186.89,192.31,21242300,2.21
2025-04-28,AVGO,190.53,193.1,187.68,192.47,16385800,0.08
2025-04-29,AVGO,191.72,193.25,190.1,191.17,14630000,-0.68
2025-04-30,AVGO,185.9,193.2,184.02,192.47,22768900,0.68
2025-05-01,AVGO,198.14,201.4,196.24,197.33,24939700,2.53
2025-05-02,AVGO,203.9,205.68,201.08,203.64,17766800,3.2
2025-05-05,AVGO,200.25,203.23,200.0,200.72,14025400,-1.43
2025-05-06,AVGO,196.44,201.91,195.94,200.09,16348800,-0.31
2025-05-07,AVGO,199.29,206.23,198.43,204.81,20253700,2.36
2025-05-08,AVGO,208.0,211.16,203.69,207.77,18460900,1.45
2025-05-09,AVGO,209.33,209.96,206.52,208.2,13289200,0.21
2025-05-12,AVGO,219.49,221.8,215.88,221.58,25437700,6.43
2025-05-13,AVGO,222.0,235.28,222.0,232.42,28790500,4.89
2025-05-14,AVGO,230.23,233.5,228.35,232.12,19751400,-0.13
2025-05-15,AVGO,230.16,234.46,228.07,232.64,18803700,0.22
2025-05-16,AVGO,232.32,232.64,226.39,228.61,23094600,-1.73
2025-05-19,AVGO,221.85,231.25,221.6,230.63,15355500,0.88
2025-05-20,AVGO,226.49,231.77,226.34,231.68,11787200,0.46
2025-05-21,AVGO,228.39,236.5,227.83,229.73,17642900,-0.84
2025-05-22,AVGO,228.34,233.69,227.43,230.53,14340200,0.35
2025-05-23,AVGO,226.94,230.65,226.18,228.72,15385600,-0.79
2025-05-27,AVGO,232.87,236.48,231.13,235.65,17941700,3.03
2025-05-28,AVGO,237.15,240.99,234.43,239.43,20443000,1.6
2025-05-29,AVGO,245.91,246.07,237.4,241.97,20743700,1.06
2025-05-30,AVGO,241.22,243.17,234.9,242.07,27088600,0.04
2025-06-02,AVGO,243.25,250.0,243.19,248.71,19197000,2.74
2025-06-03,AVGO,250.08,257.88,249.4,256.85,30380200,3.27
2025-06-04,AVGO,258.06,265.43,257.59,261.08,31536000,1.65
2025-06-05,AVGO,262.95,264.89,259.06,259.93,41970900,-0.44
2025-06-06,AVGO,251.14,255.32,246.13,246.93,41146700,-5.0
2025-06-09,AVGO,245.05,248.17,241.11,244.28,25334100,-1.07
2025-06-10,AVGO,244.22,246.28,241.4,244.63,25491300,0.14
2025-06-11,AVGO,246.36,254.77,243.8,252.91,24599000,3.38
2025-06-12,AVGO,250.19,257.89,249.5,256.07,20410900,1.25
2025-06-13,AVGO,250.66,254.0,248.35,248.7,19028400,-2.88
2025-06-16,AVGO,250.35,255.19,249.57,252.1,20363000,1.37
2025-06-17,AVGO,250.95,253.96,247.92,249.37,22014300,-1.08
2025-06-18,AVGO,250.89,255.64,249.41,251.26,30435500,0.76
2025-06-20,AVGO,253.21,253.52,244.17,249.99,42134900,-0.51
2025-06-23,AVGO,249.11,254.21,246.46,253.77,19747000,1.51
2025-06-24,AVGO,258.77,265.87,258.77,263.77,32764900,3.94
2025-06-25,AVGO,266.0,269.87,263.43,264.65,18894200,0.33
2025-06-26,AVGO,265.08,271.67,264.13,270.17,23569600,2.09
2025-06-27,AVGO,270.3,271.85,266.88,269.35,27477600,-0.3
2025-06-30,AVGO,274.73,277.71,272.13,275.65,24708400,2.34
2025-07-01,AVGO,274.4,274.5,262.66,264.74,28847600,-3.96
2025-07-02,AVGO,263.99,272.0,262.73,269.9,17582100,1.95
2025-07-03,AVGO,270.73,275.8,270.12,275.18,10592700,1.96
2025-07-07,AVGO,275.13,277.56,272.66,274.18,16760600,-0.36
2025-07-08,AVGO,276.35,276.35,271.15,271.8,14869400,-0.87
2025-07-09,AVGO,272.96,279.45,272.72,277.9,20133000,2.24
2025-07-10,AVGO,279.79,281.18,272.7,275.4,17891600,-0.9
2025-07-11,AVGO,274.14,276.47,271.89,274.38,14274700,-0.37
2025-07-14,AVGO,274.13,278.36,269.58,275.6,11934200,0.44
2025-07-15,AVGO,279.81,283.36,277.85,280.94,17918400,1.94
2025-07-16,AVGO,280.11,281.51,275.67,280.81,15031000,-0.05
2025-07-17,AVGO,281.14,288.28,279.91,286.45,17231100,2.01
2025-07-18,AVGO,287.11,287.53,281.0,283.34,15012400,-1.09
2025-07-21,AVGO,283.96,290.54,283.63,288.21,17726800,1.72
2025-07-22,AVGO,287.65,288.0,276.43,278.59,16564800,-3.34
2025-07-23,AVGO,276.78,284.0,273.0,283.69,20556200,1.83
2025-07-24,AVGO,289.79,291.2,283.5,288.71,16413800,1.77
2025-07-25,AVGO,288.07,292.59,287.27,290.18,12476200,0.51
2025-07-28,AVGO,292.46,295.45,290.59,294.3,13683400,1.42
2025-07-29,AVGO,297.5,302.19,294.87,297.42,19210800,1.06
2025-07-30,AVGO,297.15,303.26,295.8,302.62,16738900,1.75
2025-07-31,AVGO,302.8,306.95,290.23,293.7,25488500,-2.95
2025-08-01,AVGO,286.54,292.64,281.61,288.64,21428100,-1.72
2025-08-04,AVGO,292.2,298.48,291.4,297.72,17164600,3.15
2025-08-05,AVGO,297.81,301.2,291.45,292.93,18477500,-1.61
2025-08-06,AVGO,292.9,302.81,291.9,301.67,17392100,2.98
2025-08-07,AVGO,306.17,310.34,299.88,303.76,16319400,0.69
2025-08-08,AVGO,304.05,307.87,302.55,304.97,12458700,0.4
2025-08-11,AVGO,305.05,308.31,301.29,303.9,12396400,-0.35
2025-08-12,AVGO,306.63,313.44,304.67,312.83,17609600,2.94
2025-08-13,AVGO,316.75,317.35,304.75,309.09,17371200,-1.2
2025-08-14,AVGO,307.01,314.17,307.0,311.23,15717600,0.69
2025-08-15,AVGO,311.03,311.5,299.76,306.34,22806900,-1.57
2025-08-18,AVGO,302.7,306.17,299.0,305.76,14724700,-0.19
2025-08-19,AVGO,302.42,302.9,292.39,294.91,20149600,-3.55
2025-08-20,AVGO,295.46,295.49,281.87,291.17,23600500,-1.27
2025-08-21,AVGO,290.06,292.39,286.17,289.6,14946300,-0.54
2025-08-22,AVGO,291.75,300.09,289.01,294.0,16301300,1.52
2025-08-25,AVGO,292.81,298.4,291.71,294.23,15124700,0.08
2025-08-26,AVGO,294.35,300.25,293.99,298.01,25689100,1.28
2025-08-27,AVGO,297.53,301.18,293.78,300.25,13830300,0.75
2025-08-28,AVGO,302.93,311.0,302.33,308.65,18907100,2.8
2025-08-29,AVGO,307.01,307.01,293.66,297.39,21610700,-3.65
2025-09-02,AVGO,289.34,298.71,287.17,298.24,19693000,0.29
2025-09-03,AVGO,302.29,304.45,296.4,302.39,18529400,1.39
2025-09-04,AVGO,305.06,308.78,302.25,306.1,31220800,1.23
2025-09-05,AVGO,355.78,356.34,331.42,334.89,78401600,9.41
2025-09-08,AVGO,342.75,354.17,341.25,345.65,43535600,3.21
2025-09-09,AVGO,349.55,350.98,335.83,336.67,26972300,-2.6
2025-09-10,AVGO,351.52,372.97,350.55,369.57,51086800,9.77
2025-09-11,AVGO,371.18,374.23,358.76,359.63,29430900,-2.69
2025-09-12,AVGO,362.91,364.39,357.16,359.87,31949800,0.07
2025-09-15,AVGO,359.87,365.5,356.34,364.09,21792200,1.17
2025-09-16,AVGO,365.43,365.69,356.99,360.0,21306500,-1.12
2025-09-17,AVGO,358.85,359.93,341.5,346.17,45197100,-3.84
2025-09-18,AVGO,350.0,350.7,343.79,345.35,24663900,-0.24
2025-09-19,AVGO,344.65,346.27,336.43,344.94,41240100,-0.12
2025-09-22,AVGO,342.43,346.67,337.94,338.79,28660000,-1.78
2025-09-23,AVGO,340.24,345.22,337.02,338.94,21944100,0.04
2025-09-24,AVGO,339.76,340.08,333.81,339.31,19677300,0.11
2025-09-25,AVGO,332.99,338.06,327.3,336.1,21678200,-0.95
2025-09-26,AVGO,337.43,339.08,330.58,334.53,15464700,-0.47
2025-09-29,AVGO,336.0,341.05,327.55,327.9,21336000,-1.98
2025-09-30,AVGO,330.12,331.05,324.61,329.91,20109500,0.61
2025-10-01,AVGO,328.15,337.95,324.5,333.39,21122700,1.05
2025-10-02,AVGO,347.61,347.61,335.25,338.18,19917600,1.44
2025-10-03,AVGO,341.5,344.4,335.74,338.37,14749100,0.06
2025-10-06,AVGO,335.92,344.13,334.56,335.49,18465700,-0.85
2025-10-07,AVGO,337.03,338.11,326.58,336.41,18086700,0.27
2025-10-08,AVGO,333.82,346.54,332.62,345.5,21478300,2.7
2025-10-09,AVGO,345.75,347.31,340.4,345.02,17643700,-0.14
2025-10-10,AVGO,345.39,350.6,324.05,324.63,28941000,-5.91
2025-10-13,AVGO,352.77,359.38,343.52,356.7,45984300,9.88
2025-10-14,AVGO,350.13,350.67,339.65,344.13,22078000,-3.52
2025-10-15,AVGO,354.47,359.4,347.5,351.33,23918500,2.09
2025-10-16,AVGO,356.8,363.24,349.49,354.15,20317200,0.8
2025-10-17,AVGO,349.61,350.97,340.78,349.33,20937900,-1.36
2025-10-20,AVGO,353.8,356.59,347.84,349.24,15640200,-0.03
2025-10-21,AVGO,350.0,351.1,341.31,342.66,16092600,-1.88
2025-10-22,AVGO,347.3,348.01,335.51,340.3,19268800,-0.69
2025-10-23,AVGO,340.4,346.57,340.4,344.29,12859200,1.17
2025-10-24,AVGO,352.51,358.3,350.88,354.13,16143700,2.86
2025-10-27,AVGO,361.54,362.75,355.08,362.05,20065800,2.24
2025-10-28,AVGO,362.62,374.06,362.53,372.97,21056000,3.02
2025-10-29,AVGO,373.19,386.48,373.19,385.98,24975200,3.49
2025-10-30,AVGO,386.4,386.4,370.06,376.47,24295300,-2.46
2025-10-31,AVGO,378.27,378.82,365.1,369.63,21598400,-1.82
2025-11-03,AVGO,372.0,374.85,361.98,362.55,17198900,-1.92
2025-11-04,AVGO,358.52,368.95,351.0,351.94,24047500,-2.93
2025-11-05,AVGO,350.89,364.87,350.09,358.98,17087600,2.0
2025-11-06,AVGO,360.11,363.5,352.71,355.59,19896900,-0.94
2025-11-07,AVGO,354.19,354.5,337.27,349.43,21903200,-1.73
2025-11-10,AVGO,357.9,360.0,354.61,358.39,16409000,2.56
2025-11-11,AVGO,358.97,361.89,349.67,351.96,16446800,-1.79
2025-11-12,AVGO,358.04,358.87,351.68,355.22,12190500,0.93
2025-11-13,AVGO,351.58,353.55,334.16,339.98,22616600,-4.29
2025-11-14,AVGO,331.47,344.74,329.06,342.46,18500800,0.73
2025-11-17,AVGO,339.82,352.2,337.52,342.65,14799600,0.06
2025-11-18,AVGO,343.2,347.97,335.51,340.5,21726800,-0.63
2025-11-19,AVGO,340.71,359.69,337.8,354.42,21851900,4.09
2025-11-20,AVGO,366.0,376.08,345.18,346.82,28867000,-2.14
2025-11-21,AVGO,345.16,348.6,331.8,340.2,30280300,-1.91
2025-11-24,AVGO,347.73,382.0,347.66,377.96,47262400,11.1
2025-11-25,AVGO,384.93,388.13,371.75,385.03,33507600,1.87
2025-11-26,AVGO,385.55,399.87,383.26,397.57,28693000,3.26
2025-11-28,AVGO,399.35,403.0,397.16,402.96,13365500,1.36
2025-12-01,AVGO,394.85,395.42,385.1,386.08,23252000,-4.19
2025-12-02,AVGO,388.31,393.5,379.79,381.57,22207000,-1.17
2025-12-03,AVGO,380.0,382.3,370.65,380.61,21336400,-0.25
2025-12-04,AVGO,380.68,383.89,376.53,381.03,15845900,0.11
2025-12-05,AVGO,386.17,393.53,385.15,390.24,24779900,2.42
2025-12-08,AVGO,402.48,407.29,397.4,401.1,30410600,2.78
2025-12-09,AVGO,398.75,406.93,395.51,406.29,24546000,1.29
2025-12-10,AVGO,402.2,414.61,399.56,412.97,31531000,1.64
2025-12-11,AVGO,404.83,409.3,394.19,406.37,45681600,-1.6
2025-12-12,AVGO,379.96,382.0,355.15,359.93,95588500,-11.43
2025-12-15,AVGO,361.89,362.0,337.51,339.81,65894900,-5.59
2025-12-16,AVGO,336.02,347.5,335.06,341.3,58061100,0.44
2025-12-17,AVGO,346.61,346.61,321.42,326.02,73300900,-4.48
2025-12-18,AVGO,336.0,336.03,323.63,329.88,54501900,1.18
2025-12-19,AVGO,333.34,343.45,332.58,340.36,159095200,3.18
2025-12-22,AVGO,346.03,346.24,337.22,341.45,28739600,0.32
2025-12-23,AVGO,340.81,350.11,338.54,349.32,28232600,2.3
2025-12-24,AVGO,350.69,352.86,347.14,350.22,11424400,0.26
2025-12-26,AVGO,351.06,353.25,347.75,352.13,15028100,0.55
2025-12-29,AVGO,348.72,350.33,344.69,349.39,21946900,-0.78
2025-12-30,AVGO,349.97,352.68,349.3,349.85,16633600,0.13
2025-12-31,AVGO,349.73,349.88,345.42,346.1,15346100,-1.07
2026-01-02,AVGO,352.78,360.66,345.56,347.62,25398600,0.44
2026-01-05,AVGO,354.74,355.03,336.5,343.42,31136000,-1.21
2026-01-06,AVGO,343.6,349.05,338.0,343.77,27135500,0.1
2026-01-07,AVGO,341.7,349.7,335.88,343.5,20249300,-0.08
2026-01-08,AVGO,342.78,343.68,330.5,332.48,24385200,-3.21
2026-01-09,AVGO,337.92,347.39,333.5,344.97,22482500,3.76
2026-01-12,AVGO,340.95,353.9,340.95,352.21,20949600,2.1
2026-01-13,AVGO,352.88,359.49,350.91,354.61,18308000,0.68
2026-01-14,AVGO,348.97,350.69,334.42,339.89,30094700,-4.15
2026-01-15,AVGO,349.12,349.68,341.67,343.02,22218800,0.92
2026-01-16,AVGO,346.27,354.51,344.05,351.71,31291200,2.53
2026-01-20,AVGO,344.1,345.4,331.8,332.6,32293900,-5.43
2026-01-21,AVGO,335.51,335.8,324.2,328.8,32006600,-1.14
2026-01-22,AVGO,335.35,336.99,324.89,325.49,24275400,-1.01
2026-01-23,AVGO,319.3,321.99,314.11,320.05,30259500,-1.67
2026-01-26,AVGO,319.8,328.68,317.6,324.85,25006400,1.5
2026-01-27,AVGO,329.76,334.76,327.02,332.79,25537600,2.44
2026-01-28,AVGO,338.85,339.99,326.7,333.24,23001700,0.14
2026-01-29,AVGO,332.56,335.95,320.28,330.73,20447500,-0.75
2026-01-30,AVGO,332.44,338.2,328.33,331.3,28313000,0.17
2026-02-02,AVGO,326.11,336.06,325.75,331.11,17278200,-0.06
2026-02-03,AVGO,336.74,338.9,308.65,320.33,36914800,-3.26
2026-02-04,AVGO,319.51,319.51,295.3,308.05,43330300,-3.83
2026-02-05,AVGO,314.34,326.53,306.7,310.51,42775800,0.8
2026-02-06,AVGO,320.1,335.0,316.3,332.92,33003400,7.22
2026-02-09,AVGO,330.77,352.34,330.65,343.94,30091000,3.31
2026-02-10,AVGO,347.47,348.01,339.84,340.44,19542700,-1.02
2026-02-11,AVGO,346.8,347.2,333.74,342.76,17004700,0.68
2026-02-12,AVGO,343.83,346.29,329.56,331.17,22007300,-3.38
2026-02-13,AVGO,329.85,334.32,324.69,325.17,18397200,-1.81
2026-02-17,AVGO,319.68,335.75,316.31,332.54,23469700,2.27
2026-02-18,AVGO,329.52,337.88,327.23,333.51,13565300,0.29
2026-02-19,AVGO,333.01,338.44,329.68,333.99,15180900,0.14
2026-02-20,AVGO,332.36,340.11,329.58,332.65,17658900,-0.4
2026-02-23,AVGO,332.25,338.5,325.32,330.34,16472400,-0.69
2026-02-24,AVGO,322.54,328.31,314.45,325.49,23614400,-1.47
2026-02-25,AVGO,330.74,335.91,329.28,332.31,20182300,2.1
2026-02-26,AVGO,326.5,326.58,307.93,321.7,33025300,-3.19
2026-02-27,AVGO,310.7,320.0,310.0,319.55,27934100,-0.67
2025-01-02,BRK-B,455.96,456.89,450.03,451.1,3746400,
2025-01-03,BRK-B,452.53,454.53,450.12,453.56,2884600,0.55
2025-01-06,BRK-B,453.85,456.24,450.57,451.41,4072900,-0.47
2025-01-07,BRK-B,452.8,456.52,451.1,452.92,3507200,0.33
2025-01-08,BRK-B,453.63,454.0,449.63,451.84,3933300,-0.24
2025-01-10,BRK-B,452.66,453.0,440.1,442.66,5471900,-2.03
2025-01-13,BRK-B,442.04,445.0,441.15,443.91,3639200,0.28
2025-01-14,BRK-B,445.5,450.3,443.92,450.03,4055600,1.38
2025-01-15,BRK-B,455.55,459.09,453.27,458.51,4719400,1.88
2025-01-16,BRK-B,458.93,462.96,458.3,462.81,3475700,0.94
2025-01-17,BRK-B,464.71,470.18,462.45,467.95,6467000,1.11
2025-01-21,BRK-B,471.0,473.17,467.72,468.57,4910200,0.13
2025-01-22,BRK-B,468.59,468.89,455.28,460.51,5838500,-1.72
2025-01-23,BRK-B,461.68,464.76,458.0,459.83,4424500,-0.15
2025-01-24,BRK-B,459.2,463.81,457.08,463.19,3070300,0.73
2025-01-27,BRK-B,464.3,474.93,464.3,474.7,4535600,2.48
2025-01-28,BRK-B,473.93,473.93,469.3,469.97,3261300,-1.0
2025-01-29,BRK-B,469.88,473.92,468.0,469.26,2524200,-0.15
2025-01-30,BRK-B,472.2,474.06,469.15,472.35,2552200,0.66
2025-01-31,BRK-B,471.84,472.55,467.01,468.67,5439800,-0.78
2025-02-03,BRK-B,461.3,466.74,454.6,464.61,4232000,-0.87
2025-02-04,BRK-B,464.94,467.91,462.7,467.49,3238400,0.62
2025-02-05,BRK-B,469.81,474.24,468.89,473.73,3782800,1.33
2025-02-06,BRK-B,475.46,478.0,473.28,477.22,3832700,0.74
2025-02-07,BRK-B,477.41,478.25,472.34,472.74,3205100,-0.94
2025-02-10,BRK-B,473.96,474.2,469.37,470.17,2907300,-0.54
2025-02-11,BRK-B,470.05,473.05,466.72,472.61,2322600,0.52
2025-02-12,BRK-B,470.44,472.15,468.09,471.73,3297600,-0.19
2025-02-13,BRK-B,471.55,481.19,471.2,480.49,3274700,1.86
2025-02-14,BRK-B,481.47,484.55,479.45,479.59,2825800,-0.19
2025-02-18,BRK-B,480.4,484.06,477.63,482.82,3351000,0.67
2025-02-19,BRK-B,482.82,484.72,480.68,483.77,2436500,0.2
2025-02-20,BRK-B,484.13,484.2,478.14,481.8,2651000,-0.41
2025-02-21,BRK-B,480.95,483.64,477.74,478.74,4085100,-0.64
2025-02-24,BRK-B,483.5,503.96,483.24,498.42,9862400,4.11
2025-02-25,BRK-B,503.15,507.0,491.9,499.82,6757500,0.28
2025-02-26,BRK-B,499.12,499.9,493.05,494.1,3543500,-1.14
2025-02-27,BRK-B,496.45,504.95,495.61,502.41,4507700,1.68
2025-02-28,BRK-B,507.46,515.37,504.33,513.83,6850300,2.27
2025-03-03,BRK-B,516.22,518.77,506.48,510.08,5112300,-0.73
2025-03-04,BRK-B,507.27,508.73,493.61,495.86,6126600,-2.79
2025-03-05,BRK-B,496.0,500.93,492.32,498.5,4715800,0.53
2025-03-06,BRK-B,496.84,499.1,491.63,497.84,3989700,-0.13
2025-03-07,BRK-B,496.29,498.27,490.11,495.62,3842200,-0.45
2025-03-10,BRK-B,490.0,500.45,490.0,497.1,6262000,0.3
2025-03-11,BRK-B,496.0,499.15,491.31,496.25,5358300,-0.17
2025-03-12,BRK-B,497.6,498.32,488.75,495.94,3871100,-0.06
2025-03-13,BRK-B,496.46,507.4,494.75,504.25,5104200,1.68
2025-03-14,BRK-B,506.95,515.84,502.92,514.6,5775600,2.05
2025-03-17,BRK-B,514.62,524.71,513.21,523.01,5343400,1.63
2025-03-18,BRK-B,525.45,528.38,521.42,523.14,4857800,0.02
2025-03-19,BRK-B,525.69,526.71,520.66,525.27,3798000,0.41
2025-03-20,BRK-B,524.0,530.61,522.67,528.73,4065400,0.66
2025-03-21,BRK-B,528.31,528.96,520.73,521.91,8546300,-1.29
2025-03-24,BRK-B,523.1,527.3,521.48,525.85,4858900,0.75
2025-03-25,BRK-B,527.18,533.29,525.88,528.87,3964800,0.57
2025-03-26,BRK-B,531.0,537.63,530.98,533.21,5004400,0.82
2025-03-27,BRK-B,533.25,537.38,529.35,534.52,5154600,0.25
2025-03-28,BRK-B,535.35,536.0,524.68,526.31,5321400,-1.54
2025-03-31,BRK-B,521.4,536.52,519.0,532.58,7139300,1.19
2025-04-01,BRK-B,531.88,536.41,527.5,532.99,4130600,0.08
2025-04-02,BRK-B,532.13,539.0,530.82,537.72,4079000,0.89
2025-04-03,BRK-B,527.62,538.8,525.14,530.16,6410900,-1.41
2025-04-04,BRK-B,519.0,521.0,492.98,493.54,12605000,-6.91
2025-04-07,BRK-B,467.42,505.85,462.1,490.38,12749700,-0.64
2025-04-08,BRK-B,509.03,516.0,484.19,492.64,9470100,0.46
2025-04-09,BRK-B,490.0,523.93,485.56,521.41,10153700,5.84
2025-04-10,BRK-B,518.3,521.41,498.61,515.81,7475900,-1.07
2025-04-11,BRK-B,515.0,526.58,510.77,524.11,6231000,1.61
2025-04-14,BRK-B,531.0,536.52,526.98,529.52,5512100,1.03
2025-04-15,BRK-B,532.62,535.92,527.36,528.17,4329200,-0.25
2025-04-16,BRK-B,529.3,530.13,512.89,516.45,5889300,-2.22
2025-04-17,BRK-B,518.9,523.88,514.57,518.21,5322200,0.34
2025-04-21,BRK-B,517.53,518.67,498.08,506.92,4908400,-2.18
2025-04-22,BRK-B,514.23,522.22,511.65,520.79,4768500,2.74
2025-04-23,BRK-B,527.5,532.27,523.89,526.81,4294500,1.16
2025-04-24,BRK-B,526.81,533.13,523.16,531.64,3173400,0.92
2025-04-25,BRK-B,531.75,532.44,526.79,530.96,2742800,-0.13
2025-04-28,BRK-B,533.63,536.82,526.58,530.94,4238700,-0.0
2025-04-29,BRK-B,531.0,535.34,528.29,534.57,3177700,0.68
2025-04-30,BRK-B,531.51,535.72,524.0,533.25,5251600,-0.25
2025-05-01,BRK-B,531.0,533.27,528.3,530.23,4693100,-0.57
2025-05-02,BRK-B,536.75,542.07,535.26,539.8,4945600,1.8
2025-05-05,BRK-B,520.08,521.18,502.8,512.15,16380200,-5.12
2025-05-06,BRK-B,509.57,515.75,507.99,512.33,6088600,0.04
2025-05-07,BRK-B,515.02,520.25,513.0,518.22,5573800,1.15
2025-05-08,BRK-B,520.98,521.26,513.04,513.25,5018600,-0.96
2025-05-09,BRK-B,514.25,515.91,510.25,513.74,3621400,0.1
2025-05-12,BRK-B,520.3,520.3,510.25,514.3,6368000,0.11
2025-05-13,BRK-B,515.64,515.75,511.8,511.88,4504100,-0.47
2025-05-14,BRK-B,511.85,511.85,502.8,503.4,6384100,-1.66
2025-05-15,BRK-B,502.38,509.78,501.62,507.33,5040900,0.78
2025-05-16,BRK-B,509.63,514.33,506.8,514.31,4997300,1.38
2025-05-19,BRK-B,513.62,513.79,510.1,512.39,3441500,-0.37
2025-05-20,BRK-B,511.11,512.08,506.55,508.74,3737000,-0.71
2025-05-21,BRK-B,507.41,510.0,505.4,507.03,3815800,-0.34
2025-05-22,BRK-B,505.1,507.4,502.64,503.57,3244800,-0.68
2025-05-23,BRK-B,501.01,505.5,500.25,503.46,3166800,-0.02
2025-05-27,BRK-B,506.43,509.75,505.01,509.16,4928300,1.13
2025-05-28,BRK-B,508.39,509.1,502.83,503.11,3613900,-1.19
2025-05-29,BRK-B,504.0,506.55,501.2,506.18,3656000,0.61
2025-05-30,BRK-B,505.19,505.72,500.19,503.96,9153100,-0.44
2025-06-02,BRK-B,501.7,503.23,499.47,502.81,4914000,-0.23
2025-06-03,BRK-B,501.0,502.79,493.51,497.83,5923100,-0.99
2025-06-04,BRK-B,496.94,496.99,490.88,491.0,5297600,-1.37
2025-06-05,BRK-B,490.75,491.0,485.6,488.74,5154900,-0.46
2025-06-06,BRK-B,491.63,496.1,491.63,493.53,3948300,0.98
2025-06-09,BRK-B,493.7,494.53,488.88,493.33,3987500,-0.04
2025-06-10,BRK-B,492.66,492.9,489.5,491.13,3951500,-0.45
2025-06-11,BRK-B,491.05,492.25,486.67,488.14,4595900,-0.61
2025-06-12,BRK-B,486.24,490.44,483.78,490.34,3535200,0.45
2025-06-13,BRK-B,486.27,491.08,485.85,487.54,4001000,-0.57
2025-06-16,BRK-B,489.73,491.85,488.54,490.23,3937600,0.55
2025-06-17,BRK-B,489.11,489.4,483.25,483.48,3956300,-1.38
2025-06-18,BRK-B,484.1,486.7,482.75,485.14,4893600,0.34
2025-06-20,BRK-B,484.95,486.68,483.43,484.85,7620400,-0.06
2025-06-23,BRK-B,485.42,488.5,481.72,487.77,4141000,0.6
2025-06-24,BRK-B,489.43,497.74,488.89,493.48,5111700,1.17
2025-06-25,BRK-B,494.5,496.0,486.14,486.21,4260600,-1.47
2025-06-26,BRK-B,486.54,487.98,484.25,485.05,4212900,-0.24
2025-06-27,BRK-B,485.77,489.68,484.4,485.68,6129300,0.13
2025-06-30,BRK-B,485.9,487.65,483.44,485.77,6384300,0.02
2025-07-01,BRK-B,485.78,491.09,483.8,489.61,4776000,0.79
2025-07-02,BRK-B,489.43,489.93,478.62,480.48,6707200,-1.86
2025-07-03,BRK-B,480.89,486.55,480.36,485.0,3443300,0.94
2025-07-07,BRK-B,484.42,486.08,476.8,478.03,4674400,-1.44
2025-07-08,BRK-B,477.35,480.0,473.58,477.47,4116200,-0.12
2025-07-09,BRK-B,477.0,479.49,475.83,478.91,3367400,0.3
2025-07-10,BRK-B,477.87,478.55,475.5,478.27,4573300,-0.13
2025-07-11,BRK-B,476.25,476.85,471.4,475.86,4416600,-0.5
2025-07-14,BRK-B,474.32,478.13,473.46,476.31,4294700,0.09
2025-07-15,BRK-B,475.3,475.72,470.0,470.13,4482300,-1.3
2025-07-16,BRK-B,471.2,472.92,468.88,471.31,3796900,0.25
2025-07-17,BRK-B,470.07,474.15,467.65,473.4,4040000,0.44
2025-07-18,BRK-B,474.0,478.64,473.5,473.8,4015800,0.08
2025-07-21,BRK-B,473.04,478.35,472.0,474.41,3791300,0.13
2025-07-22,BRK-B,475.5,483.14,475.0,478.13,4521500,0.78
2025-07-23,BRK-B,480.25,484.45,479.2,482.63,4385600,0.94
2025-07-24,BRK-B,482.67,486.17,480.6,480.6,5044800,-0.42
2025-07-25,BRK-B,481.67,484.93,479.66,484.07,4220500,0.72
2025-07-28,BRK-B,484.35,486.9,481.1,481.7,3626100,-0.49
2025-07-29,BRK-B,482.57,485.0,476.28,476.56,4193200,-1.07
2025-07-30,BRK-B,475.13,479.41,473.88,476.0,3803000,-0.12
2025-07-31,BRK-B,472.61,477.7,471.88,471.88,6315300,-0.87
2025-08-01,BRK-B,473.47,475.96,470.62,472.84,5287500,0.2
2025-08-04,BRK-B,468.05,468.87,455.19,459.11,10874300,-2.9
2025-08-05,BRK-B,460.6,467.58,460.38,464.19,6780700,1.11
2025-08-06,BRK-B,465.0,469.55,463.0,468.91,4557100,1.02
2025-08-07,BRK-B,469.2,472.7,461.37,461.47,5755700,-1.59
2025-08-08,BRK-B,462.94,465.83,462.55,465.4,3330600,0.85
2025-08-11,BRK-B,466.46,468.49,463.5,464.73,3712100,-0.14
2025-08-12,BRK-B,465.53,472.47,465.06,470.39,3767300,1.22
2025-08-13,BRK-B,471.7,479.6,471.5,477.31,4629400,1.47
2025-08-14,BRK-B,478.35,479.22,474.42,479.22,4187100,0.4
2025-08-15,BRK-B,482.35,482.48,476.29,477.2,5229800,-0.42
2025-08-18,BRK-B,477.97,479.0,474.66,478.52,3911300,0.28
2025-08-19,BRK-B,479.77,485.9,479.77,485.31,4726400,1.42
2025-08-20,BRK-B,487.0,492.22,485.83,488.68,4779800,0.69
2025-08-21,BRK-B,487.24,489.05,483.68,488.59,3082200,-0.02
2025-08-22,BRK-B,491.5,493.14,486.57,489.0,4205100,0.08
2025-08-25,BRK-B,489.01,489.02,481.83,486.18,3935100,-0.58
2025-08-26,BRK-B,485.02,492.79,484.53,492.21,8217500,1.24
2025-08-27,BRK-B,491.08,497.21,490.6,495.72,4385900,0.71
2025-08-28,BRK-B,498.03,500.14,496.07,499.86,4530400,0.84
2025-08-29,BRK-B,500.85,506.72,500.85,502.98,4663600,0.62
2025-09-02,BRK-B,504.24,505.9,497.62,501.14,4977800,-0.37
2025-09-03,BRK-B,499.55,502.11,496.59,501.49,3206200,0.07
2025-09-04,BRK-B,502.9,507.38,501.26,506.91,2976700,1.08
2025-09-05,BRK-B,506.0,507.66,497.75,499.77,4222900,-1.41
2025-09-08,BRK-B,499.0,499.65,493.46,493.78,5146300,-1.2
2025-09-09,BRK-B,492.45,496.85,491.72,492.72,3748700,-0.21
2025-09-10,BRK-B,490.0,491.7,486.27,490.08,5561600,-0.54
2025-09-11,BRK-B,489.33,497.24,489.03,496.91,3669000,1.39
2025-09-12,BRK-B,495.75,497.63,493.34,493.74,2951700,-0.64
2025-09-15,BRK-B,493.6,495.27,489.5,491.54,3629800,-0.45
2025-09-16,BRK-B,491.27,491.92,487.2,490.99,4070000,-0.11
2025-09-17,BRK-B,490.94,495.99,490.3,492.33,5060700,0.27
2025-09-18,BRK-B,489.64,494.88,488.0,490.5,4058900,-0.37
2025-09-19,BRK-B,491.87,494.5,488.88,492.85,7356300,0.48
2025-09-22,BRK-B,490.57,494.71,489.23,493.71,3582900,0.17
2025-09-23,BRK-B,493.77,499.28,493.52,494.1,3933200,0.08
2025-09-24,BRK-B,493.3,497.16,493.11,497.09,2811500,0.61
2025-09-25,BRK-B,496.15,499.0,494.73,494.96,4056100,-0.43
2025-09-26,BRK-B,496.94,502.1,496.65,500.03,3707600,1.02
2025-09-29,BRK-B,500.0,500.25,495.02,499.25,5161900,-0.16
2025-09-30,BRK-B,497.64,503.78,497.0,502.74,3873500,0.7
2025-10-01,BRK-B,502.5,502.87,495.9,498.2,4481100,-0.9
2025-10-02,BRK-B,496.96,499.61,493.22,495.92,3461400,-0.46
2025-10-03,BRK-B,495.9,502.55,495.05,498.75,4678800,0.57
2025-10-06,BRK-B,499.5,504.97,498.02,500.02,3519500,0.25
2025-10-07,BRK-B,500.16,504.46,498.61,502.3,3057400,0.46
2025-10-08,BRK-B,502.71,503.5,498.56,499.84,2944600,-0.49
2025-10-09,BRK-B,499.98,501.22,494.51,496.74,3172200,-0.62
2025-10-10,BRK-B,497.25,497.99,489.06,489.13,4763800,-1.53
2025-10-13,BRK-B,488.15,493.8,487.82,491.93,3183500,0.57
2025-10-14,BRK-B,490.0,497.06,489.95,495.97,3056000,0.82
2025-10-15,BRK-B,493.9,496.73,490.35,496.39,3566200,0.08
2025-10-16,BRK-B,495.6,496.0,485.8,488.81,4254300,-1.53
2025-10-17,BRK-B,490.0,493.45,489.25,492.42,3794300,0.74
2025-10-20,BRK-B,492.36,494.42,490.32,494.08,4605300,0.34
2025-10-21,BRK-B,493.7,495.7,491.25,491.29,2714500,-0.56
2025-10-22,BRK-B,491.73,492.98,488.19,491.81,3376000,0.11
2025-10-23,BRK-B,492.19,492.45,488.11,490.16,3063000,-0.34
2025-10-24,BRK-B,490.91,492.98,489.4,492.1,3166800,0.4
2025-10-27,BRK-B,491.92,492.3,484.55,488.07,6451500,-0.82
2025-10-28,BRK-B,484.96,485.67,481.11,481.44,5029100,-1.36
2025-10-29,BRK-B,477.32,478.8,473.72,475.76,6204500,-1.18
2025-10-30,BRK-B,474.84,480.91,474.84,478.52,4786600,0.58
2025-10-31,BRK-B,476.8,478.71,475.31,477.54,7146400,-0.2
2025-11-03,BRK-B,479.51,479.99,473.15,475.68,5868100,-0.39
2025-11-04,BRK-B,475.5,488.79,475.5,487.66,7803200,2.52
2025-11-05,BRK-B,487.34,493.89,487.34,488.77,6551200,0.23
2025-11-06,BRK-B,490.0,494.03,486.75,493.15,4964700,0.9
2025-11-07,BRK-B,494.93,500.16,493.35,499.06,6377800,1.2
2025-11-10,BRK-B,497.08,501.28,495.13,496.98,5084000,-0.42
2025-11-11,BRK-B,498.59,499.69,494.2,497.07,2960200,0.02
2025-11-12,BRK-B,497.16,504.45,496.99,502.4,5456000,1.07
2025-11-13,BRK-B,504.82,514.26,504.82,513.11,7340700,2.13
2025-11-14,BRK-B,514.7,516.55,506.35,508.94,5462500,-0.81
2025-11-17,BRK-B,510.73,511.26,502.84,503.26,5371000,-1.12
2025-11-18,BRK-B,503.39,506.64,500.6,504.37,5457400,0.22
2025-11-19,BRK-B,503.69,504.25,495.55,501.26,4695000,-0.62
2025-11-20,BRK-B,501.11,506.45,500.81,501.12,5486900,-0.03
2025-11-21,BRK-B,503.28,507.84,502.49,504.04,6059000,0.58
2025-11-24,BRK-B,501.9,509.2,497.17,507.81,13404500,0.75
2025-11-25,BRK-B,508.93,512.36,506.86,508.57,4064000,0.15
2025-11-26,BRK-B,509.25,512.7,507.65,511.23,3686700,0.52
2025-11-28,BRK-B,511.89,516.85,511.56,513.81,2312200,0.5
2025-12-01,BRK-B,513.65,514.49,508.18,508.55,3995200,-1.02
2025-12-02,BRK-B,507.59,508.11,503.11,506.65,3378000,-0.37
2025-12-03,BRK-B,507.52,509.6,503.6,503.6,3803200,-0.6
2025-12-04,BRK-B,504.38,506.5,500.7,503.23,3574800,-0.07
2025-12-05,BRK-B,503.86,505.76,500.54,504.34,3463700,0.22
2025-12-08,BRK-B,502.1,502.97,490.62,497.23,7032200,-1.41
2025-12-09,BRK-B,497.63,499.22,490.83,491.43,4574000,-1.17
2025-12-10,BRK-B,490.86,495.88,488.92,490.43,4558800,-0.2
2025-12-11,BRK-B,491.83,498.15,491.83,495.85,4493400,1.11
2025-12-12,BRK-B,496.71,500.0,494.5,499.52,4113700,0.74
2025-12-15,BRK-B,500.42,506.62,500.28,506.38,5173900,1.37
2025-12-16,BRK-B,507.05,508.1,499.46,499.84,4376700,-1.29
2025-12-17,BRK-B,499.9,505.19,499.5,504.27,4128600,0.89
2025-12-18,BRK-B,502.23,505.43,501.01,503.39,3646700,-0.17
2025-12-19,BRK-B,503.05,503.82,494.53,494.53,14652800,-1.76
2025-12-22,BRK-B,496.34,500.31,495.55,499.95,4070000,1.1
2025-12-23,BRK-B,500.48,502.33,498.16,500.51,3680800,0.11
2025-12-24,BRK-B,500.29,501.51,499.25,501.34,2000200,0.17
2025-12-26,BRK-B,500.45,501.56,496.83,498.3,2247600,-0.61
2025-12-29,BRK-B,499.2,501.5,497.21,501.05,3056200,0.55
2025-12-30,BRK-B,500.98,505.11,500.33,503.71,2897100,0.53
2025-12-31,BRK-B,503.92,505.89,502.48,502.65,3105200,-0.21
2026-01-02,BRK-B,500.96,501.88,492.91,496.85,5876600,-1.15
2026-01-05,BRK-B,494.94,503.43,494.5,498.52,5145300,0.34
2026-01-06,BRK-B,496.8,500.67,496.06,499.05,4040000,0.11
2026-01-07,BRK-B,497.88,499.15,493.09,496.12,4445100,-0.59
2026-01-08,BRK-B,494.97,504.08,494.11,499.77,4807700,0.74
2026-01-09,BRK-B,498.94,500.28,496.41,499.1,3432100,-0.13
2026-01-12,BRK-B,497.4,500.02,495.1,498.67,4209300,-0.09
2026-01-13,BRK-B,497.62,498.0,493.34,495.24,4257600,-0.69
2026-01-14,BRK-B,494.17,497.62,492.0,493.15,5033700,-0.42
2026-01-15,BRK-B,492.95,495.63,490.75,492.62,4165200,-0.11
2026-01-16,BRK-B,491.67,495.16,490.9,493.29,4807400,0.14
2026-01-20,BRK-B,490.8,490.97,482.72,485.39,5521500,-1.6
2026-01-21,BRK-B,484.0,488.0,481.57,483.83,5730200,-0.32
2026-01-22,BRK-B,483.26,485.88,481.72,484.49,4054200,0.14
2026-01-23,BRK-B,482.26,483.42,478.44,478.97,5436600,-1.14
2026-01-26,BRK-B,478.47,484.89,477.08,483.47,5077200,0.94
2026-01-27,BRK-B,482.6,483.5,474.67,474.67,6314500,-1.82
2026-01-28,BRK-B,473.01,476.88,471.91,473.49,4563900,-0.25
2026-01-29,BRK-B,473.73,477.32,473.08,476.79,5380500,0.7
2026-01-30,BRK-B,476.3,481.5,476.13,480.53,5082200,0.78
2026-02-02,BRK-B,481.3,488.07,478.55,487.29,5064600,1.41
2026-02-03,BRK-B,483.95,496.04,482.2,493.74,6641200,1.32
2026-02-04,BRK-B,495.8,512.13,495.67,503.83,10591700,2.04
2026-02-05,BRK-B,505.91,506.63,497.61,503.89,5033900,0.01
2026-02-06,BRK-B,504.18,509.66,502.89,508.09,4421600,0.83
2026-02-09,BRK-B,507.32,507.61,497.29,498.08,4573000,-1.97
2026-02-10,BRK-B,497.9,501.33,497.3,500.3,3789100,0.45
2026-02-11,BRK-B,499.35,503.31,497.28,500.02,3614400,-0.06
2026-02-12,BRK-B,501.21,507.71,499.88,500.01,4689900,-0.0
2026-02-13,BRK-B,500.15,502.38,495.5,497.55,4685900,-0.49
2026-02-17,BRK-B,500.02,506.09,499.21,503.41,4263300,1.18
2026-02-18,BRK-B,504.74,505.27,497.68,499.07,3732500,-0.86
2026-02-19,BRK-B,497.87,500.5,495.68,496.94,2610400,-0.43
2026-02-20,BRK-B,496.65,498.34,491.81,498.2,4326700,0.25
2026-02-23,BRK-B,496.5,503.55,493.73,494.09,3556500,-0.82
2026-02-24,BRK-B,493.49,495.22,488.26,494.51,3224300,0.09
2026-02-25,BRK-B,495.62,497.23,490.9,493.99,3475500,-0.11
2026-02-26,BRK-B,494.65,503.72,494.45,502.67,4577000,1.76
2026-02-27,BRK-B,502.94,506.52,501.16,504.95,6352900,0.45
2025-01-02,GLD,244.22,245.53,244.08,245.42,6241900,
2025-01-03,GLD,244.56,244.82,243.36,243.49,4872100,-0.79
2025-01-06,GLD,242.33,243.79,242.05,243.19,3758900,-0.12
2025-01-07,GLD,245.52,245.77,243.81,244.56,5090300,0.56
2025-01-08,GLD,245.72,246.45,244.51,245.86,6303300,0.53
2025-01-10,GLD,248.01,249.04,247.55,248.21,12380100,0.96
2025-01-13,GLD,246.34,246.79,245.15,245.74,8448600,-1.0
2025-01-14,GLD,245.62,247.04,245.52,247.03,4914800,0.52
2025-01-15,GLD,248.21,248.9,247.01,248.88,6345000,0.75
2025-01-16,GLD,250.56,251.39,250.27,250.6,9236000,0.69
2025-01-17,GLD,249.7,250.81,249.15,249.27,8312900,-0.53
2025-01-21,GLD,251.95,253.36,251.83,253.13,7668100,1.55
2025-01-22,GLD,254.29,254.68,253.78,254.43,5213800,0.51
2025-01-23,GLD,253.19,254.54,252.82,254.07,6511500,-0.14
2025-01-24,GLD,255.96,257.07,255.61,255.65,7341300,0.62
2025-01-27,GLD,253.86,254.26,251.92,252.99,5799800,-1.04
2025-01-28,GLD,254.23,255.25,253.89,255.18,5332000,0.87
2025-01-29,GLD,254.55,254.82,253.3,254.2,5671800,-0.38
2025-01-30,GLD,257.2,258.29,256.45,258.05,12981200,1.51
2025-01-31,GLD,259.08,259.99,257.86,258.56,8961100,0.2
2025-02-03,GLD,259.75,261.39,259.52,259.94,11521100,0.53
2025-02-04,GLD,261.83,262.54,261.35,262.5,9850400,0.98
2025-02-05,GLD,264.45,265.99,263.89,264.13,12681100,0.62
2025-02-06,GLD,263.66,263.72,261.49,263.43,8731400,-0.27
2025-02-07,GLD,265.22,266.35,263.26,263.9,9154000,0.18
2025-02-10,GLD,268.0,268.66,267.24,268.37,13250300,1.69
2025-02-11,GLD,267.7,268.36,266.71,267.39,7169500,-0.37
2025-02-12,GLD,267.15,268.43,266.35,267.67,9328600,0.1
2025-02-13,GLD,268.4,270.39,268.22,270.31,8347500,0.99
2025-02-14,GLD,270.07,270.21,265.45,266.29,11546700,-1.49
2025-02-18,GLD,269.68,271.01,269.6,270.7,8185900,1.66
2025-02-19,GLD,270.68,271.33,269.24,270.85,9342500,0.06
2025-02-20,GLD,270.23,271.84,270.17,270.99,7356900,0.05
2025-02-21,GLD,270.8,271.51,269.51,270.74,8917400,-0.09
2025-02-24,GLD,271.45,272.32,270.38,272.21,5374400,0.54
2025-02-25,GLD,271.46,271.68,266.45,268.62,10079800,-1.32
2025-02-26,GLD,267.08,269.08,266.66,269.03,7276000,0.15
2025-02-27,GLD,266.49,266.67,264.45,264.93,9374600,-1.52
2025-02-28,GLD,262.56,263.4,261.25,263.27,11504500,-0.63
2025-03-03,GLD,265.07,266.88,265.07,266.74,7725600,1.32
2025-03-04,GLD,269.01,269.4,267.52,269.06,8481300,0.87
2025-03-05,GLD,267.97,270.26,267.96,269.62,6990400,0.21
2025-03-06,GLD,268.25,269.51,268.16,268.25,6136400,-0.51
2025-03-07,GLD,269.09,270.34,267.64,268.39,10431200,0.05
2025-03-10,GLD,267.62,268.44,265.64,266.04,7593900,-0.88
2025-03-11,GLD,268.47,269.73,268.44,269.16,8436600,1.17
2025-03-12,GLD,268.47,271.23,268.36,270.33,7236200,0.43
2025-03-13,GLD,271.57,275.35,271.55,275.13,13741500,1.78
2025-03-14,GLD,276.27,276.3,274.66,275.24,13365000,0.04
2025-03-17,GLD,275.54,276.79,275.39,276.73,8583400,0.54
2025-03-18,GLD,279.9,280.21,278.97,279.96,9596500,1.17
2025-03-19,GLD,279.85,281.48,279.06,281.11,8822200,0.41
2025-03-20,GLD,279.49,280.9,279.43,280.75,5863300,-0.13
2025-03-21,GLD,279.46,279.46,276.59,278.49,9359300,-0.8
2025-03-24,GLD,278.91,279.09,276.86,277.25,7870100,-0.45
2025-03-25,GLD,278.78,279.96,278.27,278.47,5090200,0.44
2025-03-26,GLD,278.93,279.02,277.78,278.24,3717500,-0.08
2025-03-27,GLD,280.55,282.07,279.59,281.97,8476300,1.34
2025-03-28,GLD,283.82,284.64,282.86,284.06,9563700,0.74
2025-03-31,GLD,287.53,288.39,285.85,288.14,13925100,1.44
2025-04-01,GLD,288.54,289.13,285.91,287.57,15923600,-0.2
2025-04-02,GLD,288.28,289.03,287.36,288.16,11074800,0.21
2025-04-03,GLD,282.78,289.09,282.45,286.42,20524400,-0.6
2025-04-04,GLD,283.64,284.03,278.02,279.72,21517200,-2.34
2025-04-07,GLD,278.86,280.14,272.58,273.71,19807000,-2.15
2025-04-08,GLD,277.87,278.32,274.24,275.2,12639500,0.54
2025-04-09,GLD,282.22,285.87,281.04,285.38,25342200,3.7
2025-04-10,GLD,288.81,292.86,287.23,292.35,19837800,2.44
2025-04-11,GLD,297.96,299.27,296.81,297.93,21080100,1.91
2025-04-14,GLD,295.54,296.58,294.53,296.23,12427600,-0.57
2025-04-15,GLD,296.93,298.02,296.09,297.78,7924100,0.52
2025-04-16,GLD,304.65,308.06,303.8,307.47,20778100,3.25
2025-04-17,GLD,306.31,307.13,302.73,306.12,18287800,-0.44
2025-04-21,GLD,315.02,316.41,313.95,315.59,20372300,3.09
2025-04-22,GLD,317.49,317.63,310.36,311.11,35242300,-1.42
2025-04-23,GLD,304.18,304.74,300.59,303.65,25421500,-2.4
2025-04-24,GLD,306.98,308.5,304.71,308.07,10845000,1.46
2025-04-25,GLD,301.78,305.37,301.01,304.73,10691600,-1.08
2025-04-28,GLD,304.15,309.11,302.97,309.07,9375500,1.42
2025-04-29,GLD,305.81,306.95,304.0,306.06,6852100,-0.97
2025-04-30,GLD,304.61,306.07,303.44,303.77,8331900,-0.75
2025-05-01,GLD,297.41,297.94,295.32,297.46,14969100,-2.08
2025-05-02,GLD,300.17,300.85,297.03,297.98,8678400,0.17
2025-05-05,GLD,305.92,307.65,304.68,306.88,8924000,2.99
2025-05-06,GLD,313.12,315.62,311.4,315.48,11445300,2.8
2025-05-07,GLD,312.1,313.26,310.08,310.75,7888300,-1.5
2025-05-08,GLD,309.76,310.48,303.05,304.63,11927600,-1.97
2025-05-09,GLD,307.79,308.57,306.01,306.84,6913100,0.73
2025-05-12,GLD,298.33,299.47,296.82,298.19,14375900,-2.82
2025-05-13,GLD,299.02,300.3,297.24,299.46,10233600,0.43
2025-05-14,GLD,293.67,294.8,291.96,293.16,14800600,-2.1
2025-05-15,GLD,294.1,297.9,293.75,297.84,13497700,1.6
2025-05-16,GLD,292.62,294.58,291.78,294.24,14173000,-1.21
2025-05-19,GLD,297.85,298.58,296.48,298.03,11656300,1.29
2025-05-20,GLD,298.35,303.68,298.3,303.58,12851000,1.86
2025-05-21,GLD,304.55,306.46,303.67,305.82,12414500,0.74
2025-05-22,GLD,305.09,305.28,302.1,303.11,9704200,-0.89
2025-05-23,GLD,308.86,310.25,307.47,309.75,13339500,2.19
2025-05-27,GLD,303.81,304.88,302.74,304.5,9578500,-1.69
2025-05-28,GLD,304.64,304.99,303.06,303.81,8803300,-0.23
2025-05-29,GLD,305.74,306.89,304.46,305.61,9487900,0.59
2025-05-30,GLD,303.64,304.02,301.5,303.6,9553300,-0.66
2025-06-02,GLD,309.21,311.72,308.72,311.67,13593200,2.66
2025-06-03,GLD,309.56,309.56,307.15,308.91,9315100,-0.89
2025-06-04,GLD,309.41,311.88,308.74,310.9,7462500,0.64
2025-06-05,GLD,311.24,312.2,307.65,309.33,10817800,-0.5
2025-06-06,GLD,309.09,309.2,305.1,305.18,7787500,-1.34
2025-06-09,GLD,305.39,307.61,305.06,306.62,7159000,0.47
2025-06-10,GLD,308.31,308.6,305.87,306.71,7071700,0.03
2025-06-11,GLD,307.5,308.62,305.85,308.37,9248800,0.54
2025-06-12,GLD,311.74,313.1,311.15,312.2,11531400,1.24
2025-06-13,GLD,317.26,317.6,315.04,316.29,16592900,1.31
2025-06-16,GLD,314.8,314.87,311.65,311.78,12848400,-1.43
2025-06-17,GLD,312.66,313.0,310.12,311.94,8234100,0.05
2025-06-18,GLD,312.89,312.98,309.86,310.26,9370800,-0.54
2025-06-20,GLD,309.33,310.89,309.25,310.13,8794700,-0.04
2025-06-23,GLD,310.34,312.67,310.31,311.08,12687900,0.31
2025-06-24,GLD,305.07,306.34,303.54,306.19,12035200,-1.57
2025-06-25,GLD,305.31,307.36,305.12,307.12,6733200,0.3
2025-06-26,GLD,305.77,307.28,304.86,306.78,6787500,-0.11
2025-06-27,GLD,300.03,302.36,299.89,301.22,13301300,-1.81
2025-06-30,GLD,302.39,304.92,301.95,304.83,8192100,1.2
2025-07-01,GLD,308.56,309.0,307.36,307.55,9335600,0.89
2025-07-02,GLD,308.04,309.4,306.96,309.25,8316400,0.55
2025-07-03,GLD,307.05,307.57,306.15,307.14,5275800,-0.68
2025-07-07,GLD,305.07,307.71,304.53,307.37,7351600,0.07
2025-07-08,GLD,306.3,306.45,302.77,304.16,11840500,-1.04
2025-07-09,GLD,303.58,305.54,303.23,305.52,10644100,0.45
2025-07-10,GLD,306.11,306.51,304.82,306.2,7053700,0.22
2025-07-11,GLD,308.86,310.28,308.52,309.14,9187300,0.96
2025-07-14,GLD,309.07,309.38,307.73,308.01,5772900,-0.37
2025-07-15,GLD,307.73,308.74,305.79,306.73,8149000,-0.42
2025-07-16,GLD,307.11,311.09,305.73,308.26,17693100,0.5
2025-07-17,GLD,305.5,307.67,305.12,307.59,6642300,-0.22
2025-07-18,GLD,309.24,309.37,308.32,308.39,5574300,0.26
2025-07-21,GLD,311.88,313.31,311.61,313.13,10995800,1.54
2025-07-22,GLD,314.48,316.24,313.62,316.1,13691800,0.95
2025-07-23,GLD,314.0,314.96,311.42,312.18,10547500,-1.24
2025-07-24,GLD,309.29,310.99,309.06,310.27,7698800,-0.61
2025-07-25,GLD,307.82,308.31,306.2,307.4,9376400,-0.92
2025-07-28,GLD,306.44,306.58,304.05,305.41,9275400,-0.65
2025-07-29,GLD,305.8,307.03,304.99,306.25,5741100,0.28
2025-07-30,GLD,304.42,304.65,300.96,300.96,13459600,-1.73
2025-07-31,GLD,304.59,304.61,302.86,302.96,8981000,0.66
2025-08-01,GLD,308.61,309.55,307.45,309.11,12843400,2.03
2025-08-04,GLD,310.8,311.74,310.37,310.91,7639000,0.58
2025-08-05,GLD,310.37,312.24,310.22,311.16,6997700,0.08
2025-08-06,GLD,310.32,311.24,309.84,310.5,7418200,-0.21
2025-08-07,GLD,311.72,313.14,310.7,313.12,10891500,0.84
2025-08-08,GLD,312.35,313.53,311.0,313.05,19886800,-0.02
2025-08-11,GLD,308.62,309.66,307.63,308.55,10326700,-1.44
2025-08-12,GLD,308.22,309.31,306.71,308.27,9697400,-0.09
2025-08-13,GLD,309.1,310.39,308.45,309.21,4718600,0.3
2025-08-14,GLD,307.93,308.34,306.52,307.25,5817700,-0.63
2025-08-15,GLD,307.34,308.0,306.87,307.43,5990100,0.06
2025-08-18,GLD,307.79,307.89,306.63,306.95,6150100,-0.16
2025-08-19,GLD,306.76,307.48,305.19,305.27,5029900,-0.55
2025-08-20,GLD,307.54,308.47,307.4,308.36,6515400,1.01
2025-08-21,GLD,307.86,308.15,307.03,307.29,4809000,-0.35
2025-08-22,GLD,306.52,311.02,306.43,310.58,8526500,1.07
2025-08-25,GLD,309.67,310.84,309.67,309.83,4044400,-0.24
2025-08-26,GLD,310.62,312.21,310.31,312.08,11698500,0.73
2025-08-27,GLD,311.39,312.91,310.77,312.71,4320100,0.2
2025-08-28,GLD,313.32,315.08,313.07,315.03,9610200,0.74
2025-08-29,GLD,314.72,318.09,314.64,318.07,15642600,0.96
2025-09-02,GLD,320.82,325.92,320.24,325.59,21247500,2.36
2025-09-03,GLD,327.76,329.45,326.73,328.14,16062200,0.78
2025-09-04,GLD,327.03,327.56,325.35,326.69,11703100,-0.44
2025-09-05,GLD,329.53,331.44,328.93,331.05,16065200,1.33
2025-09-08,GLD,333.66,335.67,333.23,334.82,18617300,1.14
2025-09-09,GLD,337.03,338.31,333.85,334.06,21641900,-0.23
2025-09-10,GLD,335.73,336.5,326.19,335.26,11945700,0.36
2025-09-11,GLD,333.37,335.16,332.97,334.76,9082600,-0.15
2025-09-12,GLD,335.88,336.39,335.23,335.42,9619700,0.2
2025-09-15,GLD,336.31,339.28,336.23,338.91,10569900,1.04
2025-09-16,GLD,340.09,340.88,338.62,339.59,12161500,0.2
2025-09-17,GLD,338.53,341.24,335.52,336.97,16535300,-0.77
2025-09-18,GLD,336.22,336.32,333.81,335.62,14913300,-0.4
2025-09-19,GLD,336.51,339.23,336.31,339.18,14982600,1.06
2025-09-22,GLD,342.75,345.07,341.84,345.05,12386400,1.73
2025-09-23,GLD,348.23,348.75,345.32,346.46,18384000,0.41
2025-09-24,GLD,346.7,346.83,342.14,343.32,12709100,-0.91
2025-09-25,GLD,344.39,345.83,342.47,344.75,12639600,0.42
2025-09-26,GLD,345.83,348.25,345.31,346.74,11698200,0.58
2025-09-29,GLD,351.79,352.83,351.28,352.46,15719600,1.65
2025-09-30,GLD,351.13,355.57,350.87,355.47,13312400,0.85
2025-10-01,GLD,356.17,356.97,354.79,356.03,15573600,0.16
2025-10-02,GLD,358.26,358.67,351.4,354.79,16162100,-0.35
2025-10-03,GLD,357.12,358.14,355.8,357.64,14464000,0.8
2025-10-06,GLD,362.16,365.3,361.37,364.38,17093700,1.88
2025-10-07,GLD,366.51,367.27,364.55,366.26,16836800,0.52
2025-10-08,GLD,371.65,373.57,370.5,372.3,28052300,1.65
2025-10-09,GLD,373.14,373.22,362.83,365.43,33674800,-1.85
2025-10-10,GLD,367.54,370.31,365.44,369.12,24192800,1.01
2025-10-13,GLD,376.5,378.86,375.58,378.09,18514400,2.43
2025-10-14,GLD,378.21,382.38,377.9,380.79,18409600,0.71
2025-10-15,GLD,385.93,387.76,384.59,387.39,20598300,1.73
2025-10-16,GLD,391.15,396.87,390.4,396.45,33621400,2.34
2025-10-17,GLD,397.14,397.28,385.22,388.99,62025000,-1.88
2025-10-20,GLD,397.45,403.3,394.2,403.15,34523000,3.64
2025-10-21,GLD,386.54,388.89,375.65,377.24,54101400,-6.43
2025-10-22,GLD,372.75,378.47,368.93,377.28,30524100,0.01
2025-10-23,GLD,381.46,382.25,378.65,378.79,13695500,0.4
2025-10-24,GLD,378.51,380.77,376.81,377.52,13263800,-0.34
2025-10-27,GLD,371.13,371.59,365.34,367.01,23657600,-2.78
2025-10-28,GLD,361.81,365.3,360.12,364.38,19257600,-0.72
2025-10-29,GLD,369.65,370.08,361.36,363.0,18891800,-0.38
2025-10-30,GLD,365.09,370.36,364.5,370.13,14812800,1.96
2025-10-31,GLD,370.47,370.66,365.5,368.12,11077900,-0.54
2025-11-03,GLD,368.91,370.84,367.54,368.78,7254300,0.18
2025-11-04,GLD,363.48,365.74,361.39,362.32,11540100,-1.75
2025-11-05,GLD,366.39,367.1,364.65,366.51,8357300,1.16
2025-11-06,GLD,367.16,368.18,364.7,366.07,6891100,-0.12
2025-11-07,GLD,367.94,370.42,366.42,368.31,11060400,0.61
2025-11-10,GLD,375.93,378.66,374.78,378.38,13456200,2.73
2025-11-11,GLD,379.98,380.4,376.87,379.87,10753200,0.39
2025-11-12,GLD,380.07,387.46,379.44,385.99,16203700,1.61
2025-11-13,GLD,387.29,388.18,381.21,382.87,15867900,-0.81
2025-11-14,GLD,372.87,378.2,370.89,375.96,15198000,-1.8
2025-11-17,GLD,374.04,375.46,368.52,371.65,13295200,-1.15
2025-11-18,GLD,374.83,375.54,371.62,374.35,7818800,0.73
2025-11-19,GLD,377.78,380.17,373.03,374.96,10980400,0.16
2025-11-20,GLD,375.29,377.69,371.85,374.85,10506500,-0.03
2025-11-21,GLD,374.03,377.23,372.94,374.27,13194600,-0.15
2025-11-24,GLD,374.88,380.28,374.19,380.2,10085300,1.58
2025-11-25,GLD,380.26,382.52,378.06,380.08,10462800,-0.03
2025-11-26,GLD,381.06,383.78,380.46,383.12,9184100,0.8
2025-11-28,GLD,385.98,388.0,384.99,387.88,7175400,1.24
2025-12-01,GLD,390.61,390.7,388.06,389.75,11177100,0.48
2025-12-02,GLD,388.87,388.98,382.91,387.24,8103900,-0.64
2025-12-03,GLD,388.46,390.13,385.83,386.88,7886800,-0.09
2025-12-04,GLD,386.92,388.0,385.4,387.13,6754400,0.06
2025-12-05,GLD,389.12,391.74,386.18,386.44,9449800,-0.18
2025-12-08,GLD,387.02,387.24,384.01,385.42,6822100,-0.26
2025-12-09,GLD,385.62,388.21,385.27,387.4,6358700,0.51
2025-12-10,GLD,385.95,389.76,384.5,389.05,9120500,0.43
2025-12-11,GLD,389.02,394.09,388.5,393.24,11240600,1.08
2025-12-12,GLD,399.16,400.39,391.47,395.44,16792100,0.56
2025-12-15,GLD,397.76,398.71,394.07,395.8,11345000,0.09
2025-12-16,GLD,397.75,398.71,394.59,395.89,9201600,0.02
2025-12-17,GLD,398.08,399.98,397.25,399.29,10456900,0.86
2025-12-18,GLD,398.28,402.21,396.05,398.57,11837600,-0.18
2025-12-19,GLD,397.92,400.63,397.17,399.02,9894800,0.11
2025-12-22,GLD,406.98,408.52,405.72,408.23,14202100,2.31
2025-12-23,GLD,410.3,413.76,407.1,413.64,13193300,1.33
2025-12-24,GLD,412.25,412.63,408.83,411.93,6718400,-0.41
2025-12-26,GLD,416.48,418.45,414.75,416.74,10476200,1.17
2025-12-29,GLD,403.66,403.76,395.33,398.6,20679200,-4.35
2025-12-30,GLD,403.6,403.8,398.56,398.89,10179000,0.07
2025-12-31,GLD,398.6,400.13,395.59,396.31,10194700,-0.65
2026-01-02,GLD,401.62,401.82,396.25,398.28,10372600,0.5
2026-01-05,GLD,406.39,409.72,406.15,408.76,13410600,2.63
2026-01-06,GLD,410.67,413.48,410.31,413.18,11640900,1.08
2026-01-07,GLD,408.63,410.81,406.65,409.23,10589500,-0.96
2026-01-08,GLD,406.97,411.64,406.4,411.49,8705900,0.55
2026-01-09,GLD,413.22,415.29,411.8,414.47,14011200,0.72
2026-01-12,GLD,421.52,425.74,421.52,422.23,20904100,1.87
2026-01-13,GLD,424.59,426.12,420.07,421.63,16681200,-0.14
2026-01-14,GLD,426.03,426.86,422.84,425.94,18305500,1.02
2026-01-15,GLD,423.02,425.06,422.79,423.33,14253200,-0.61
2026-01-16,GLD,422.8,424.8,417.04,421.29,20951600,-0.48
2026-01-20,GLD,436.69,438.14,434.1,437.23,21308100,3.78
2026-01-21,GLD,446.87,448.0,437.11,443.6,38830200,1.46
2026-01-22,GLD,443.84,452.98,443.56,451.79,19251200,1.85
2026-01-23,GLD,454.11,458.75,453.45,458.0,21531900,1.37
2026-01-26,GLD,466.78,469.28,460.36,464.7,34156000,1.46
2026-01-27,GLD,465.07,476.49,463.95,476.1,28386200,2.45
2026-01-28,GLD,483.39,495.88,481.25,494.56,44154600,3.88
2026-01-29,GLD,509.51,509.7,468.51,495.9,69970900,0.27
2026-01-30,GLD,466.25,470.06,430.8,444.95,86593500,-10.27
2026-02-02,GLD,434.01,440.78,422.55,427.13,41626200,-4.0
2026-02-03,GLD,452.63,459.0,448.31,454.29,28703500,6.36
2026-02-04,GLD,462.47,463.1,445.71,453.97,24427900,-0.07
2026-02-05,GLD,444.29,450.9,440.35,441.88,17718100,-2.66
2026-02-06,GLD,450.73,456.93,450.03,455.46,12663900,3.07
2026-02-09,GLD,461.39,467.56,460.85,467.03,12330900,2.54
2026-02-10,GLD,465.96,466.75,459.52,462.4,7861600,-0.99
2026-02-11,GLD,466.0,468.61,462.82,467.63,11209600,1.13
2026-02-12,GLD,464.9,466.38,448.06,451.39,20488800,-3.47
2026-02-13,GLD,459.73,463.84,456.25,462.62,12359300,2.49
2026-02-17,GLD,450.26,451.37,445.53,448.2,10976100,-3.12
2026-02-18,GLD,455.81,460.51,455.32,458.28,10226300,2.25
2026-02-19,GLD,457.34,461.51,456.03,459.56,8411400,0.28
2026-02-20,GLD,463.25,468.62,458.34,468.62,14316300,1.97
2026-02-23,GLD,474.65,481.46,474.61,481.28,17441600,2.7
2026-02-24,GLD,470.09,475.44,469.55,474.61,14147100,-1.39
2026-02-25,GLD,475.74,479.53,472.9,473.42,12954300,-0.25
2026-02-26,GLD,474.95,477.83,442.04,477.48,12375000,0.86
2026-02-27,GLD,480.75,483.9,479.11,483.75,16742600,1.31
2025-01-02,GOOGL,190.65,192.0,187.5,189.43,20370800,
2025-01-03,GOOGL,191.37,193.21,189.98,191.79,18596200,1.25
2025-01-06,GOOGL,193.98,198.22,193.85,196.87,29563600,2.65
2025-01-07,GOOGL,197.11,201.0,194.6,195.49,26487200,-0.7
2025-01-08,GOOGL,192.57,196.29,192.38,193.95,24864800,-0.79
2025-01-10,GOOGL,194.3,196.52,190.31,192.04,26665200,-0.98
2025-01-13,GOOGL,190.07,191.18,187.36,191.01,21823700,-0.54
2025-01-14,GOOGL,191.24,191.98,188.31,189.66,17174900,-0.71
2025-01-15,GOOGL,193.09,196.36,191.86,195.55,21776000,3.11
2025-01-16,GOOGL,194.14,195.48,192.81,192.91,17815400,-1.35
2025-01-17,GOOGL,196.53,197.23,193.75,196.0,27735100,1.6
2025-01-21,GOOGL,199.07,202.29,197.87,198.05,29971300,1.05
2025-01-22,GOOGL,199.06,200.48,197.53,198.37,26200600,0.16
2025-01-23,GOOGL,198.14,200.3,195.2,197.98,26951400,-0.2
2025-01-24,GOOGL,198.1,200.9,198.0,200.21,23877500,1.13
2025-01-27,GOOGL,192.41,196.88,190.73,191.81,41728900,-4.2
2025-01-28,GOOGL,192.75,195.48,190.68,195.3,24157900,1.82
2025-01-29,GOOGL,195.56,196.79,193.43,195.41,18218300,0.06
2025-01-30,GOOGL,198.0,201.4,197.67,200.87,24354700,2.79
2025-01-31,GOOGL,202.0,205.48,201.8,204.02,32001100,1.57
2025-02-03,GOOGL,200.69,203.75,200.1,201.23,27838300,-1.37
2025-02-04,GOOGL,203.39,207.05,202.81,206.38,43856400,2.56
2025-02-05,GOOGL,191.07,192.75,188.03,191.33,70373900,-7.29
2025-02-06,GOOGL,189.5,192.1,188.72,191.6,29297400,0.14
2025-02-07,GOOGL,191.05,191.18,183.24,185.34,49315000,-3.27
2025-02-10,GOOGL,187.35,188.2,185.86,186.47,23105600,0.61
2025-02-11,GOOGL,185.03,186.94,184.28,185.32,21239500,-0.62
2025-02-12,GOOGL,183.22,185.11,181.83,183.61,22072600,-0.92
2025-02-13,GOOGL,184.32,186.28,183.14,186.14,21402500,1.38
2025-02-14,GOOGL,185.06,186.4,184.32,185.23,20448400,-0.49
2025-02-18,GOOGL,185.6,185.96,181.74,183.77,29916700,-0.79
2025-02-19,GOOGL,184.07,185.46,183.59,185.27,19549400,0.82
2025-02-20,GOOGL,184.8,185.31,182.72,184.56,20441500,-0.38
2025-02-21,GOOGL,185.15,185.34,179.08,179.66,35199200,-2.65
2025-02-24,GOOGL,181.99,183.12,178.89,179.25,29854200,-0.23
2025-02-25,GOOGL,178.04,178.74,174.69,175.42,41913400,-2.14
2025-02-26,GOOGL,175.07,176.08,171.58,172.73,35431300,-1.53
2025-02-27,GOOGL,173.99,174.56,167.94,168.5,39991000,-2.45
2025-02-28,GOOGL,168.68,170.61,166.77,170.28,48130600,1.06
2025-03-03,GOOGL,171.93,173.37,165.93,167.01,40770500,-1.92
2025-03-04,GOOGL,166.24,173.29,165.8,170.92,45388000,2.34
2025-03-05,GOOGL,170.52,173.78,169.06,173.02,30954900,1.23
2025-03-06,GOOGL,170.53,174.81,170.5,172.35,28302000,-0.39
2025-03-07,GOOGL,171.26,174.97,170.27,173.86,27385800,0.88
2025-03-10,GOOGL,168.26,168.46,163.69,165.87,43604000,-4.6
2025-03-11,GOOGL,164.91,166.75,161.37,164.04,39587400,-1.1
2025-03-12,GOOGL,166.58,167.64,163.53,167.11,28372400,1.87
2025-03-13,GOOGL,166.04,166.13,162.11,162.76,31756200,-2.6
2025-03-14,GOOGL,163.27,166.49,162.45,165.49,31995900,1.68
2025-03-17,GOOGL,165.03,166.3,163.67,164.29,31184300,-0.73
2025-03-18,GOOGL,163.68,164.25,156.72,160.67,42074800,-2.2
2025-03-19,GOOGL,161.76,165.87,161.0,163.89,34275600,2.0
2025-03-20,GOOGL,161.57,164.89,160.96,162.8,28138500,-0.67
2025-03-21,GOOGL,161.21,164.24,160.89,163.99,36625800,0.73
2025-03-24,GOOGL,167.07,168.32,165.14,167.68,30879100,2.25
2025-03-25,GOOGL,168.98,170.63,168.32,170.56,24174400,1.72
2025-03-26,GOOGL,169.0,169.61,164.84,165.06,28901600,-3.22
2025-03-27,GOOGL,164.63,165.42,162.0,162.24,24508300,-1.71
2025-03-28,GOOGL,160.49,161.82,153.63,154.33,48669300,-4.88
2025-03-31,GOOGL,153.11,155.54,150.66,154.64,54603500,0.2
2025-04-01,GOOGL,153.62,158.1,153.62,157.07,30672900,1.57
2025-04-02,GOOGL,155.15,158.41,154.7,157.04,25041700,-0.02
2025-04-03,GOOGL,151.11,152.78,150.39,150.72,46883400,-4.02
2025-04-04,GOOGL,148.01,151.07,145.38,145.6,62259500,-3.4
2025-04-07,GOOGL,141.55,152.85,140.53,146.75,76794100,0.79
2025-04-08,GOOGL,151.22,152.24,143.03,144.7,52200200,-1.4
2025-04-09,GOOGL,144.42,159.55,143.91,158.71,70406200,9.68
2025-04-10,GOOGL,156.54,157.72,149.93,152.82,48022000,-3.71
2025-04-11,GOOGL,152.9,157.67,152.82,157.14,33636200,2.83
2025-04-14,GOOGL,160.0,161.72,157.56,159.07,30333000,1.23
2025-04-15,GOOGL,159.13,159.65,155.21,156.31,27551500,-1.74
2025-04-16,GOOGL,153.1,155.89,151.51,153.33,28187400,-1.91
2025-04-17,GOOGL,154.29,154.68,148.5,151.16,33046600,-1.42
2025-04-21,GOOGL,148.88,148.95,146.1,147.67,26049100,-2.31
2025-04-22,GOOGL,148.89,152.19,148.54,151.47,26971800,2.57
2025-04-23,GOOGL,155.61,157.53,153.81,155.35,31128800,2.56
2025-04-24,GOOGL,156.15,159.59,155.79,159.28,45894000,2.53
2025-04-25,GOOGL,165.07,166.1,161.04,161.96,56034000,1.68
2025-04-28,GOOGL,162.43,163.15,158.6,160.61,29745800,-0.83
2025-04-29,GOOGL,160.32,160.74,157.52,160.16,26809000,-0.28
2025-04-30,GOOGL,157.98,159.27,155.4,158.8,34981100,-0.85
2025-05-01,GOOGL,160.45,161.95,158.91,161.3,30203200,1.57
2025-05-02,GOOGL,163.41,164.97,161.87,164.03,25715000,1.69
2025-05-05,GOOGL,163.0,165.39,162.72,164.21,21341800,0.11
2025-05-06,GOOGL,162.17,164.8,161.19,163.23,21277200,-0.6
2025-05-07,GOOGL,164.08,165.0,147.84,151.38,127490100,-7.26
2025-05-08,GOOGL,155.0,155.93,152.9,154.28,57498700,1.92
2025-05-09,GOOGL,154.17,155.05,152.2,152.75,32435300,-0.99
2025-05-12,GOOGL,157.49,159.1,156.25,158.46,44138800,3.74
2025-05-13,GOOGL,158.79,160.57,156.16,159.53,42382100,0.68
2025-05-14,GOOGL,159.96,167.0,159.61,165.37,48755900,3.66
2025-05-15,GOOGL,165.84,166.21,162.37,163.96,33146700,-0.85
2025-05-16,GOOGL,167.73,169.35,165.62,166.19,42846900,1.36
2025-05-19,GOOGL,164.51,166.64,164.22,166.54,30426100,0.21
2025-05-20,GOOGL,166.43,168.5,162.9,163.98,46607700,-1.54
2025-05-21,GOOGL,163.69,173.14,163.56,168.56,73416000,2.79
2025-05-22,GOOGL,171.85,176.77,170.71,170.87,74864400,1.37
2025-05-23,GOOGL,169.06,169.96,167.89,168.47,35211400,-1.4
2025-05-27,GOOGL,170.16,173.17,170.0,172.9,37995700,2.63
2025-05-28,GOOGL,173.16,175.27,171.91,172.36,34784000,-0.31
2025-05-29,GOOGL,174.0,174.42,170.63,171.86,29317300,-0.29
2025-05-30,GOOGL,171.35,172.21,167.44,171.74,52639900,-0.07
2025-06-02,GOOGL,167.84,169.87,167.39,169.03,38612300,-1.58
2025-06-03,GOOGL,167.49,168.48,165.28,166.18,45084900,-1.69
2025-06-04,GOOGL,166.74,168.22,166.36,168.05,26900800,1.13
2025-06-05,GOOGL,170.34,170.93,167.59,168.21,36379100,0.1
2025-06-06,GOOGL,170.83,174.5,170.83,173.68,35731800,3.25
2025-06-09,GOOGL,174.54,176.47,174.37,176.09,28935900,1.39
2025-06-10,GOOGL,176.2,181.11,174.91,178.6,61766100,1.43
2025-06-11,GOOGL,179.77,180.37,176.75,177.35,31646800,-0.7
2025-06-12,GOOGL,176.18,176.72,174.75,175.7,20941900,-0.93
2025-06-13,GOOGL,172.44,177.13,172.39,174.67,27663100,-0.59
2025-06-16,GOOGL,174.73,176.94,174.65,176.77,27389200,1.2
2025-06-17,GOOGL,175.7,177.36,174.58,175.95,24973000,-0.46
2025-06-18,GOOGL,176.01,176.56,173.2,173.32,28707500,-1.49
2025-06-20,GOOGL,173.95,174.34,165.46,166.64,75659900,-3.85
2025-06-23,GOOGL,166.27,167.34,162.0,165.19,57671000,-0.87
2025-06-24,GOOGL,166.92,168.22,166.13,166.77,40524300,0.96
2025-06-25,GOOGL,167.63,172.36,167.55,170.68,35479000,2.34
2025-06-26,GOOGL,172.43,173.69,169.94,173.54,31796700,1.68
2025-06-27,GOOGL,173.54,178.68,171.73,178.53,108140200,2.88
2025-06-30,GOOGL,180.78,181.23,174.58,176.23,63378900,-1.29
2025-07-01,GOOGL,175.74,176.09,173.53,175.84,35904500,-0.22
2025-07-02,GOOGL,175.54,178.86,175.07,178.64,29128900,1.59
2025-07-03,GOOGL,178.5,179.67,177.05,179.53,21689700,0.5
2025-07-07,GOOGL,179.06,179.3,175.68,176.79,34175600,-1.53
2025-07-08,GOOGL,177.85,177.95,172.81,174.36,40442500,-1.37
2025-07-09,GOOGL,175.25,179.44,172.77,176.62,43025600,1.3
2025-07-10,GOOGL,175.63,178.43,174.38,177.62,29252400,0.57
2025-07-11,GOOGL,176.79,181.43,176.48,180.19,34282900,1.45
2025-07-14,GOOGL,181.01,183.67,179.68,181.56,32536600,0.76
2025-07-15,GOOGL,182.81,184.22,181.6,182.0,33448300,0.24
2025-07-16,GOOGL,183.24,184.33,182.03,182.97,33104200,0.53
2025-07-17,GOOGL,182.14,184.06,180.48,183.58,31992600,0.33
2025-07-18,GOOGL,185.4,186.42,183.71,185.06,34014500,0.81
2025-07-21,GOOGL,186.25,190.29,186.15,190.1,45803100,2.72
2025-07-22,GOOGL,191.5,191.65,187.46,191.34,44660200,0.65
2025-07-23,GOOGL,191.5,192.53,189.18,190.23,58681900,-0.58
2025-07-24,GOOGL,197.03,197.95,191.0,192.17,74881700,1.02
2025-07-25,GOOGL,191.98,194.33,191.26,193.18,39785900,0.53
2025-07-28,GOOGL,193.65,194.05,190.84,192.58,38139500,-0.31
2025-07-29,GOOGL,192.43,195.92,192.08,195.75,41389200,1.65
2025-07-30,GOOGL,195.6,197.6,194.69,196.53,32445400,0.4
2025-07-31,GOOGL,195.71,195.99,191.09,191.9,51329200,-2.36
2025-08-01,GOOGL,189.03,190.83,187.82,189.13,34832200,-1.44
2025-08-04,GOOGL,190.29,195.27,190.12,195.04,31547400,3.12
2025-08-05,GOOGL,194.71,197.86,193.89,194.67,31602300,-0.19
2025-08-06,GOOGL,194.5,196.63,193.67,196.09,21562900,0.73
2025-08-07,GOOGL,197.06,197.54,194.33,196.52,26321800,0.22
2025-08-08,GOOGL,197.22,202.61,197.17,201.42,39161800,2.49
2025-08-11,GOOGL,200.94,201.48,199.07,201.0,25832400,-0.21
2025-08-12,GOOGL,201.37,204.5,200.59,203.34,30397900,1.16
2025-08-13,GOOGL,204.13,204.53,197.51,201.96,28342900,-0.68
2025-08-14,GOOGL,201.5,204.44,201.23,202.94,25230400,0.49
2025-08-15,GOOGL,203.85,206.44,201.28,203.9,34931400,0.47
2025-08-18,GOOGL,204.2,205.27,202.49,203.5,18526600,-0.2
2025-08-19,GOOGL,203.03,203.44,199.96,201.57,24240200,-0.95
2025-08-20,GOOGL,200.73,201.28,196.6,199.32,28955500,-1.12
2025-08-21,GOOGL,199.75,202.48,199.43,199.75,19774600,0.22
2025-08-22,GOOGL,202.73,208.54,201.3,206.09,42827000,3.17
2025-08-25,GOOGL,206.43,210.52,205.28,208.49,29928900,1.16
2025-08-26,GOOGL,207.51,207.85,205.7,207.14,28464100,-0.65
2025-08-27,GOOGL,205.7,208.91,205.65,207.48,23022900,0.16
2025-08-28,GOOGL,207.25,212.22,206.9,211.64,32339300,2.01
2025-08-29,GOOGL,210.51,214.65,210.2,212.91,39728400,0.6
2025-09-02,GOOGL,208.44,211.68,206.2,211.35,47523000,-0.73
2025-09-03,GOOGL,226.21,231.31,224.79,230.66,103336100,9.14
2025-09-04,GOOGL,229.65,232.37,226.11,232.3,51684200,0.71
2025-09-05,GOOGL,232.2,235.76,231.9,235.0,46588900,1.16
2025-09-08,GOOGL,235.47,238.13,233.67,234.04,32474700,-0.41
2025-09-09,GOOGL,234.17,240.47,233.23,239.63,38061000,2.39
2025-09-10,GOOGL,238.9,241.66,237.85,239.17,35141100,-0.19
2025-09-11,GOOGL,239.88,242.25,236.25,240.37,30599300,0.5
2025-09-12,GOOGL,240.37,242.08,238.0,240.8,26771600,0.18
2025-09-15,GOOGL,244.66,252.41,244.66,251.61,58383800,4.49
2025-09-16,GOOGL,252.08,253.04,249.47,251.16,34109700,-0.18
2025-09-17,GOOGL,251.22,251.6,246.28,249.53,34108000,-0.65
2025-09-18,GOOGL,251.68,253.99,249.8,252.03,31239500,1.0
2025-09-19,GOOGL,253.25,256.0,251.81,254.72,55571400,1.07
2025-09-22,GOOGL,254.43,255.78,250.3,252.53,32290500,-0.86
2025-09-23,GOOGL,253.04,254.36,250.48,251.66,26628000,-0.34
2025-09-24,GOOGL,251.66,252.35,246.44,247.14,28201000,-1.8
2025-09-25,GOOGL,244.4,246.49,240.74,245.79,31020400,-0.55
2025-09-26,GOOGL,247.07,249.42,245.97,246.54,18503200,0.31
2025-09-29,GOOGL,247.85,251.15,242.77,244.05,32505800,-1.01
2025-09-30,GOOGL,242.81,243.29,239.25,243.1,34724300,-0.39
2025-10-01,GOOGL,240.75,246.3,238.61,244.9,31658200,0.74
2025-10-02,GOOGL,245.15,246.81,242.3,245.69,25483300,0.32
2025-10-03,GOOGL,244.49,246.3,241.66,245.35,30249600,-0.14
2025-10-06,GOOGL,244.78,251.32,244.58,250.43,28894700,2.07
2025-10-07,GOOGL,248.27,250.44,245.52,245.76,23181300,-1.86
2025-10-08,GOOGL,244.96,246.01,243.82,244.62,21307100,-0.46
2025-10-09,GOOGL,244.47,244.76,239.15,241.53,27892100,-1.26
2025-10-10,GOOGL,241.43,244.09,235.84,236.57,33180300,-2.05
2025-10-13,GOOGL,240.21,244.5,239.71,244.15,24995000,3.2
2025-10-14,GOOGL,241.23,247.12,240.51,245.45,22111600,0.53
2025-10-15,GOOGL,247.25,252.11,245.99,251.03,27007700,2.27
2025-10-16,GOOGL,251.77,256.96,250.1,251.46,27997200,0.17
2025-10-17,GOOGL,250.76,254.22,247.81,253.3,29671600,0.73
2025-10-20,GOOGL,254.69,257.33,254.23,256.55,22350200,1.28
2025-10-21,GOOGL,254.74,254.88,244.15,250.46,47312100,-2.37
2025-10-22,GOOGL,254.37,256.36,249.29,251.69,35029400,0.49
2025-10-23,GOOGL,252.98,255.04,251.85,253.08,19901400,0.55
2025-10-24,GOOGL,256.58,261.68,255.32,259.92,28655100,2.7
2025-10-27,GOOGL,264.82,270.14,264.28,269.27,35235200,3.6
2025-10-28,GOOGL,269.69,270.73,266.5,267.47,29738600,-0.67
2025-10-29,GOOGL,267.75,275.34,267.67,274.57,43580300,2.65
2025-10-30,GOOGL,291.59,291.59,280.06,281.48,74876000,2.52
2025-10-31,GOOGL,283.21,286.0,277.03,281.19,39267900,-0.1
2025-11-03,GOOGL,282.18,285.53,279.8,283.72,29786000,0.9
2025-11-04,GOOGL,276.75,281.27,276.26,277.54,30078400,-2.18
2025-11-05,GOOGL,278.87,286.42,277.34,284.31,31010300,2.44
2025-11-06,GOOGL,285.33,288.35,281.14,284.75,37173600,0.15
2025-11-07,GOOGL,283.21,283.78,275.19,278.83,34479600,-2.08
2025-11-10,GOOGL,284.42,290.8,282.86,290.1,29557300,4.04
2025-11-11,GOOGL,287.75,291.92,287.32,291.31,19842100,0.42
2025-11-12,GOOGL,291.68,292.01,283.69,286.71,24829900,-1.58
2025-11-13,GOOGL,282.34,282.84,277.24,278.57,29494000,-2.84
2025-11-14,GOOGL,271.41,278.56,270.7,276.41,31647200,-0.78
2025-11-17,GOOGL,285.78,293.95,283.57,285.02,52670200,3.11
2025-11-18,GOOGL,287.92,288.8,278.2,284.28,49158700,-0.26
2025-11-19,GOOGL,287.16,303.81,286.63,292.81,68198900,3.0
2025-11-20,GOOGL,304.54,306.42,288.67,289.45,62025200,-1.15
2025-11-21,GOOGL,296.42,303.92,293.85,299.66,74137700,3.53
2025-11-24,GOOGL,311.13,319.48,309.6,318.58,85165100,6.31
2025-11-25,GOOGL,326.21,328.83,317.65,323.44,88632100,1.53
2025-11-26,GOOGL,320.68,324.5,316.79,319.95,51373400,-1.08
2025-11-28,GOOGL,323.37,326.85,316.79,320.18,26018600,0.07
2025-12-01,GOOGL,317.7,319.85,313.89,314.89,41183000,-1.65
2025-12-02,GOOGL,316.74,318.38,313.91,315.81,35854700,0.29
2025-12-03,GOOGL,315.89,321.58,314.1,319.63,41838300,1.21
2025-12-04,GOOGL,322.23,322.36,314.7,317.62,31240900,-0.63
2025-12-05,GOOGL,319.49,323.16,319.17,321.27,28851700,1.15
2025-12-08,GOOGL,320.05,320.44,311.22,313.72,33909400,-2.35
2025-12-09,GOOGL,312.37,317.99,311.9,317.08,30194000,1.07
2025-12-10,GOOGL,315.83,321.31,314.68,320.21,33428900,0.99
2025-12-11,GOOGL,320.08,321.12,308.6,312.43,42353700,-2.43
2025-12-12,GOOGL,313.7,314.87,305.56,309.29,35940200,-1.01
2025-12-15,GOOGL,311.32,311.42,304.88,308.22,29151900,-0.35
2025-12-16,GOOGL,304.95,310.77,302.59,306.57,30585000,-0.54
2025-12-17,GOOGL,308.01,308.09,296.12,296.72,43930400,-3.21
2025-12-18,GOOGL,301.72,303.96,299.23,302.46,33518000,1.93
2025-12-19,GOOGL,301.73,307.25,300.97,307.16,59943200,1.55
2025-12-22,GOOGL,309.88,310.13,305.3,309.78,26429900,0.85
2025-12-23,GOOGL,309.63,314.94,309.32,314.35,25478700,1.48
2025-12-24,GOOGL,314.77,315.08,311.92,314.09,10097400,-0.08
2025-12-26,GOOGL,314.48,315.09,312.28,313.51,10899000,-0.18
2025-12-29,GOOGL,311.37,314.02,310.62,313.56,19621800,0.02
2025-12-30,GOOGL,312.5,316.95,312.46,313.85,17380900,0.09
2025-12-31,GOOGL,312.85,314.58,311.44,313.0,16377700,-0.27
2026-01-02,GOOGL,316.9,322.5,310.33,315.15,32009400,0.69
2026-01-05,GOOGL,317.66,319.02,314.63,316.54,30195600,0.44
2026-01-06,GOOGL,316.4,320.94,311.78,314.34,31212100,-0.7
2026-01-07,GOOGL,314.36,326.15,314.19,321.98,35104400,2.43
2026-01-08,GOOGL,328.97,330.32,321.5,325.44,31896100,1.07
2026-01-09,GOOGL,327.09,330.83,325.8,328.57,26214200,0.96
2026-01-12,GOOGL,325.8,334.04,325.0,331.86,33923900,1.0
2026-01-13,GOOGL,334.95,340.49,333.62,335.97,33517600,1.24
2026-01-14,GOOGL,335.06,336.52,330.48,335.84,28525600,-0.04
2026-01-15,GOOGL,337.65,337.69,330.74,332.78,28442400,-0.91
2026-01-16,GOOGL,334.41,334.65,327.7,330.0,40341600,-0.84
2026-01-20,GOOGL,320.87,327.73,320.43,322.0,35361000,-2.42
2026-01-21,GOOGL,320.92,332.48,319.35,328.38,35386600,1.98
2026-01-22,GOOGL,334.45,335.15,328.75,330.54,26253600,0.66
2026-01-23,GOOGL,332.49,333.69,327.45,327.93,27280000,-0.79
2026-01-26,GOOGL,327.81,335.84,327.0,333.26,26042100,1.63
2026-01-27,GOOGL,335.37,337.91,333.48,334.55,21636200,0.39
2026-01-28,GOOGL,336.06,337.54,331.94,336.01,27434400,0.44
2026-01-29,GOOGL,340.3,342.29,326.54,338.25,39785600,0.67
2026-01-30,GOOGL,340.0,340.0,332.29,338.0,31024000,-0.07
2026-02-02,GOOGL,336.22,344.83,335.63,343.69,32006100,1.68
2026-02-03,GOOGL,347.34,349.0,337.47,339.71,36506700,-1.16
2026-02-04,GOOGL,342.96,343.31,328.52,333.04,70618400,-1.96
2026-02-05,GOOGL,312.22,332.69,306.46,331.25,88205800,-0.54
2026-02-06,GOOGL,327.18,330.38,319.92,322.86,56380500,-2.53
2026-02-09,GOOGL,320.93,327.7,317.26,324.32,39640100,0.45
2026-02-10,GOOGL,320.97,321.67,314.61,318.58,39170000,-1.77
2026-02-11,GOOGL,318.97,321.06,309.66,310.96,45406400,-2.39
2026-02-12,GOOGL,312.09,316.24,307.2,309.0,47761300,-0.63
2026-02-13,GOOGL,307.73,308.63,303.71,305.72,38499700,-1.06
2026-02-17,GOOGL,300.04,304.44,296.25,302.02,39247600,-1.21
2026-02-18,GOOGL,302.09,305.38,301.25,303.33,28482100,0.43
2026-02-19,GOOGL,301.82,305.47,300.04,302.85,25834400,-0.16
2026-02-20,GOOGL,304.32,316.5,303.9,314.98,53210800,4.01
2026-02-23,GOOGL,319.05,319.52,309.87,311.49,31423000,-1.11
2026-02-24,GOOGL,310.52,312.27,305.93,310.9,25615600,-0.19
2026-02-25,GOOGL,312.06,313.64,309.44,312.9,29963600,0.64
2026-02-26,GOOGL,312.64,313.14,302.35,307.38,36431200,-1.76
2026-02-27,GOOGL,304.14,312.37,303.8,311.76,44568300,1.42
2025-01-02,KMI,26.19990106027623,26.75956417328554,26.095556200746493,26.66470718383789,13891800,
2025-01-03,KMI,26.79751042092424,27.06311471537553,26.693165553589584,26.816482543945312,9877300,0.5692
2025-01-06,KMI,26.84493717094612,26.93030990969989,26.304244365026314,26.39910316467285,14420800,-1.5564
2025-01-07,KMI,26.49396168806742,26.645735042206894,26.266301656858207,26.380130767822266,9703900,-0.0719
2025-01-08,KMI,26.313732408080188,26.85442525472931,26.256817847717453,26.8354549407959,11149000,1.726
2025-01-10,KMI,27.025170009688704,27.33820279708737,26.5793359819637,26.71213722229004,11912500,-0.4595
2025-01-13,KMI,26.79750879674258,27.186428248696178,26.73110817947457,27.053627014160156,12019000,1.2784
2025-01-14,KMI,27.110541505240516,27.784037355797434,27.01568270539405,27.622777938842773,14599900,2.1038
2025-01-15,KMI,27.87889453946803,28.05912607949659,27.746093304331787,27.92632484436035,12104200,1.0989
2025-01-16,KMI,27.926324949906395,28.523932319559236,27.831466149044367,28.514446258544922,21219100,2.106
2025-01-17,KMI,28.429073795604758,28.94131023968036,28.34370105492549,28.7515926361084,16062400,0.8317
2025-01-21,KMI,29.00771176597747,29.861437390207353,28.97925358176669,29.614805221557617,22826600,3.0023
2025-01-22,KMI,29.832981302900766,29.842465555114583,29.083598728323082,29.197429656982422,20361200,-1.4093
2025-01-23,KMI,29.690690232113287,29.690690232113287,28.54290400610978,28.912851333618164,22002800,-0.9747
2025-01-24,KMI,28.91284968144219,28.98873635478137,28.618789048413,28.713647842407227,12773500,-0.689
2025-01-27,KMI,27.54689127883914,27.70814888661815,25.886868612924115,26.048126220703125,37477200,-9.2831
2025-01-28,KMI,26.133498959692673,26.180929264287492,25.564349778803848,26.048126220703125,23941400,0.0
2025-01-29,KMI,26.124014610587817,26.541390433778272,25.73509335148585,25.896352767944336,14620600,-0.5827
2025-01-30,KMI,26.152471556929605,26.759564992530013,26.086070938570955,26.655221939086914,16858900,2.9304
2025-01-31,KMI,26.778534951046577,26.8069931320214,26.01018215753644,26.067096710205078,21419100,-2.2064
2025-02-03,KMI,25.72966188926713,26.64036227250171,25.614625339254076,26.439048767089844,12768300,1.4269
2025-02-04,KMI,26.2185637784418,26.602015894109552,26.199390715547434,26.36235809326172,12009200,-0.2901
2025-02-05,KMI,26.53491098943715,26.726636125729847,26.35277055578182,26.496564865112305,12067800,0.5091
2025-02-06,KMI,26.563667433716027,26.563667433716027,25.44207077962825,25.672142028808594,15741100,-3.1114
2025-02-07,KMI,25.74883471687896,26.093940706874392,25.480417321599035,25.921388626098633,12992700,0.9709
2025-02-10,KMI,26.0747687986267,26.161045751007077,25.633797505522114,25.950145721435547,16680600,0.1109
2025-02-11,KMI,25.87345348833282,25.87345348833282,25.298274455558204,25.68172836303711,16879100,-1.0344
2025-02-12,KMI,25.355794593010124,25.739246686476488,25.049031089793225,25.192827224731445,15357000,-1.9037
2025-02-13,KMI,25.269517544024147,25.643383105127732,25.096963645532092,25.46124267578125,14668500,1.0654
2025-02-14,KMI,25.547521736926424,25.844696904204547,25.44207354569842,25.451658248901367,12565400,-0.0376
2025-02-18,KMI,25.499590617290533,25.8351119073425,25.461244491138796,25.64338493347168,12601900,0.7533
2025-02-19,KMI,25.64338582337029,26.07477061532795,25.547522333108144,25.7775936126709,12193400,0.5234
2025-02-20,KMI,25.53793250318593,25.614622919802798,25.135307358836435,25.490001678466797,12513600,-1.1157
2025-02-21,KMI,25.442070731534642,25.700899743595915,25.106549474781136,25.317447662353516,21468900,-0.6769
2025-02-24,KMI,25.432484852717852,25.720073463908875,25.096963587365792,25.37496566772461,15017200,0.2272
2025-02-25,KMI,25.355796407425597,25.403727236872307,24.37799212778359,25.020275115966797,15350000,-1.3978
2025-02-26,KMI,25.029860190541054,25.2215853256114,24.85730628906706,25.087377548217773,12330800,0.2682
2025-02-27,KMI,25.1832401619211,25.451655707456197,24.818959309489504,25.125720977783203,15315700,0.1528
2025-02-28,KMI,25.106552360702413,25.998079694846666,25.096965829013943,25.978906631469727,16400200,3.3957
2025-03-03,KMI,26.362355943871943,26.736221497610302,25.825523025706442,26.017248153686523,16312200,0.1476
2025-03-04,KMI,25.79676462717861,26.410287990609117,25.518762538790604,25.873455047607422,16430300,-0.5527
2025-03-05,KMI,25.69131424602613,25.83511038216218,25.135308248757386,25.624210357666016,12418200,-0.9633
2025-03-06,KMI,25.31744971260171,25.42289972914929,24.790203286751613,25.221586227416992,13530000,-1.5713
2025-03-07,KMI,25.26951857605534,25.403726356610868,24.47385476708038,25.058618545532227,12813600,-0.6461
2025-03-10,KMI,24.953170358714544,25.317449403841206,24.713512562897463,25.058618545532227,14227400,0.0
2025-03-11,KMI,25.06820335243502,25.691313213009387,25.020272527946126,25.317447662353516,14035700,1.0329
2025-03-12,KMI,25.557107025858674,25.777591757684466,25.240758810669185,25.42289924621582,11236200,0.4165
2025-03-13,KMI,25.499591184083624,25.672145098714026,25.250346843889044,25.442073822021484,10448800,0.0754
2025-03-14,KMI,25.710489229524413,26.074770119910475,25.537935316019855,25.978906631469727,8635000,2.11
2025-03-17,KMI,25.92138838966065,26.726636911267647,25.854282670119826,26.640361785888672,10623700,2.5461
2025-03-18,KMI,26.649946324451065,26.764982871653405,26.324011573895636,26.38153076171875,12056500,-0.9716
2025-03-19,KMI,26.49656628465671,26.78415674716908,26.324012372838073,26.697879791259766,11478000,1.1991
2025-03-20,KMI,26.621188806093254,27.004640919587285,26.573256149129058,26.89919090270996,8205300,0.754
2025-03-21,KMI,26.832085915302777,26.918362865869977,26.611601187606087,26.774568557739258,19506400,-0.4633
2025-03-24,KMI,26.918362006617727,27.598991058427945,26.899188945227294,27.52229881286621,12508500,2.7927
2025-03-25,KMI,27.63733673095703,27.92492535237964,27.46478282672592,27.63733673095703,11393900,0.418
2025-03-26,KMI,27.829063268700917,27.88658062641035,27.177193786514575,27.301815032958984,11898800,-1.214
2025-03-27,KMI,27.311402918286763,27.378506810349247,26.908777737467922,27.062158584594727,8885200,-0.8778
2025-03-28,KMI,26.880019048896383,27.27305768472536,26.822499861864927,27.196367263793945,8357100,0.4959
2025-03-31,KMI,26.94712343700335,27.493542924800376,26.927950374304952,27.349748611450195,13867500,0.564
2025-04-01,KMI,27.196365657068807,27.474367730854738,26.927948285444668,27.445608139038086,8692100,0.3505
2025-04-02,KMI,27.205952025275796,27.742786801398896,27.186780791334435,27.723613739013672,8662500,1.0129
2025-04-03,KMI,26.70746514691448,27.464782825119787,26.48697858682992,26.57325553894043,16704000,-4.1494
2025-04-04,KMI,25.61462503233501,25.96931938121832,24.07123004207562,24.243783950805664,29083900,-8.7662
2025-04-07,KMI,23.37142811682831,25.096965393485252,22.949631700519127,24.32047462463379,23814400,0.3163
2025-04-08,KMI,25.183241745296083,25.43248607356668,23.793225791444954,24.167091369628906,16547000,-0.6307
2025-04-09,KMI,23.668604108242878,25.53793379338569,23.38101366006747,25.1640682220459,26281200,4.1253
2025-04-10,KMI,24.828548855737285,25.25993364694661,24.07123112371246,24.723100662231445,17628500,-1.7524
2025-04-11,KMI,24.847719271059802,25.48041567843509,24.36840370011223,25.37496566772461,15769100,2.6367
2025-04-14,KMI,25.88304166318528,25.930972490443267,25.509176090930193,25.691314697265625,11119600,1.2467
2025-04-15,KMI,25.806350218490756,26.467806213378253,25.768004095450884,26.09393882751465,12974800,1.5672
2025-04-16,KMI,25.969319401182354,26.324011921894424,25.710488537888303,25.835111618041992,11724200,-0.9919
2025-04-17,KMI,25.66255839952602,26.53491267029333,25.60503920939519,25.978906631469727,22873900,0.5566
2025-04-21,KMI,25.748835800835845,25.892630121757623,24.377992829263984,24.723100662231445,19053200,-4.8339
2025-04-22,KMI,25.192826348590593,25.681728436423892,24.94358203939457,25.499588012695312,18212100,3.1407
2025-04-23,KMI,25.73924579133259,26.007661333202346,25.31744758896673,25.499588012695312,19540400,0.0
2025-04-24,KMI,25.595451673087386,25.91179987001571,25.394138186800035,25.758419036865234,10988200,1.015
2025-04-25,KMI,25.614623296794264,25.787177193832772,25.49000205362411,25.739246368408203,9267300,-0.0744
2025-04-28,KMI,25.720074457902495,26.017249611410534,25.46124360076136,25.950145721435547,11939300,0.8194
2025-04-29,KMI,25.758419587210426,26.199389034828698,25.729659994713835,26.084352493286133,10927000,0.5172
2025-04-30,KMI,25.699636408338097,25.844995970595907,25.14726896275015,25.486440658569336,15398200,-2.2922
2025-05-01,KMI,25.282937641077822,26.048498988087417,25.215103301913988,25.486440658569336,13555100,0.0
2025-05-02,KMI,25.806231799232602,26.058189230168736,25.631801437827956,26.000045776367188,10497900,2.0152
2025-05-05,KMI,25.738396978874395,26.164786611562963,25.45736875048325,26.038808822631836,17724100,0.1491
2025-05-06,KMI,26.019427378568132,26.5330312725242,25.903138623356213,26.368289947509766,19004700,1.2653
2025-05-07,KMI,26.436125195516613,26.910967386462584,26.387670779085195,26.765607833862305,13832600,1.5068
2025-05-08,KMI,26.98849342534057,27.00787519250269,26.184168571582997,26.203550338745117,14765200,-2.0999
2025-05-09,KMI,26.465198516845703,26.581487279006264,26.126024962920173,26.465198516845703,8832500,0.9985
2025-05-12,KMI,26.97880428983849,26.98849517404747,26.067881506013478,26.465198516845703,13049900,0.0
2025-05-13,KMI,26.552413612375148,26.872205385670267,26.484579273849985,26.649320602416992,13914000,0.6957
2025-05-14,KMI,26.523343296693533,26.63963020820337,26.39736365281955,26.610557556152344,10651700,-0.1455
2025-05-15,KMI,26.368290718334073,27.16292656409314,26.368290718334073,27.133853912353516,11996400,1.9665
2025-05-16,KMI,27.153234998594893,27.356738010622713,26.95942102188996,27.2210693359375,12400000,0.3214
2025-05-19,KMI,27.01756515374213,27.17261744800635,26.794680368779677,27.133853912353516,7841500,-0.3204
2025-05-20,KMI,27.133853202866504,27.30828541204903,27.085400632914496,27.114471435546875,7644500,-0.0714
2025-05-21,KMI,27.00787483188555,27.095089086256493,26.610556003755363,26.62024688720703,11807700,-1.8227
2025-05-22,KMI,26.542720985023067,26.68808238471102,26.232620115936452,26.4942684173584,10493200,-0.4732
2025-05-23,KMI,26.416744129924677,27.036945889928266,26.3586006770111,26.998184204101562,12400600,1.902
2025-05-27,KMI,27.21137622726996,27.40519018812727,27.15323277835153,27.317974090576172,15941700,1.1845
2025-05-28,KMI,27.424573232688978,27.473027652601896,27.017565347156093,27.08540153503418,10609600,-0.8514
2025-05-29,KMI,27.06601870342597,27.11447127308767,26.76560870515992,27.05632781982422,12942400,-0.1073
2025-05-30,KMI,26.9303504101926,27.36642908835037,26.9303504101926,27.172616958618164,15718400,0.4298
2025-06-02,KMI,27.37612015124842,27.80250979680505,26.959421389493883,27.76374626159668,16709000,2.1755
2025-06-03,KMI,27.773437830075505,27.812201366239485,27.56993481025603,27.676530838012695,11723700,-0.3141
2025-06-04,KMI,27.647458810739458,27.783127484615292,27.05632784882837,27.162925720214844,11909100,-1.8557
2025-06-05,KMI,27.25983050524352,27.49240801221706,27.056327497075465,27.36642837524414,10590000,0.7492
2025-06-06,KMI,27.3858123836099,27.55055371966365,27.066020595781694,27.26952362060547,11892300,-0.3541
2025-06-09,KMI,27.230759833198,27.259830635448274,26.571794539768543,26.67839241027832,12884300,-2.1677
2025-06-10,KMI,26.85282516266236,27.017566500705875,26.35860299687902,26.53303337097168,13945600,-0.5449
2025-06-11,KMI,26.659012195127055,26.80437175988143,26.52334351446926,26.668703079223633,13379100,0.5113
2025-06-12,KMI,26.804370880126953,26.87220521822944,26.533031679369923,26.804370880126953,9233700,0.5087
2025-06-13,KMI,27.027254946326746,27.162925467286335,26.503960174573308,26.784988403320312,13027300,-0.0723
2025-06-16,KMI,26.76560919336,27.16292618654349,26.697773006910424,26.804370880126953,11844500,0.0724
2025-06-17,KMI,26.96911129807889,27.056327400796853,26.58148520174739,26.62024688720703,12722000,-0.6869
2025-06-18,KMI,26.765607965864724,26.881894869179654,26.436125325894093,26.717153549194336,10601800,0.364
2025-06-20,KMI,26.775298950634134,27.288904714659107,26.678393806930714,27.143545150756836,17087700,1.5959
2025-06-23,KMI,27.34704712695276,27.666838894672956,26.930350219227165,27.2210693359375,13397200,0.2856
2025-06-24,KMI,27.07570831093401,27.763744379107273,27.027253895208943,27.657148361206055,13252100,1.602
2025-06-25,KMI,27.79281853174052,27.812200299078825,27.298594554696106,27.434263229370117,13100700,-0.8059
2025-06-26,KMI,27.463336947747347,28.00601351588173,27.38581172372815,27.996322631835938,12445200,2.0487
2025-06-27,KMI,28.04477636852863,28.257970267298457,27.870344156650095,28.083538055419922,17106100,0.3115
2025-06-30,KMI,28.18044439150149,28.664977480659594,28.02539395083866,28.49054527282715,14239900,1.4493
2025-07-01,KMI,28.451784569729053,28.519618908819062,27.240451804987142,27.453645706176758,18914800,-3.6395
2025-07-02,KMI,27.453643995269278,27.67652876648833,27.017563487799826,27.618385314941406,15597500,0.6001
2025-07-03,KMI,27.55055356715737,27.686222249622226,27.317977890783116,27.531171798706055,5100600,-0.3158
2025-07-07,KMI,27.521480045266767,27.6571505717939,27.30828614407715,27.453645706176758,9336100,-0.2816
2025-07-08,KMI,27.269521358328863,27.366428344735297,26.852822610624113,27.259830474853516,14131100,-0.706
2025-07-09,KMI,27.337355661304645,27.385810078622878,26.76560832372572,26.940038681030273,13026100,-1.1731
2025-07-10,KMI,26.843135149279743,26.959422061107617,26.474888949014822,26.93035125732422,11760300,-0.036
2025-07-11,KMI,26.901276509333897,27.06601782854445,26.78498775821886,26.978801727294922,11281000,0.1799
2025-07-14,KMI,26.96911037758242,27.482716092908408,26.891585160962176,27.443952560424805,14618900,1.7241
2025-07-15,KMI,27.405191023778237,27.473025357642655,26.91096707203422,27.075708389282227,16441400,-1.3418
2025-07-16,KMI,27.114470917396236,27.240450554219322,26.901277025995597,27.0466365814209,16290600,-0.1074
2025-07-17,KMI,26.358599242586994,26.823750537276343,26.05818741412988,26.63962745666504,24725400,-1.5048
2025-07-18,KMI,26.7752982241798,27.13385353053458,26.6880839668824,27.01756477355957,18793100,1.4187
2025-07-21,KMI,26.90127785126918,26.95942130555361,26.164787319727065,26.271385192871094,19410000,-2.7618
2025-07-22,KMI,26.32952754792318,26.484577985106515,26.116333658882848,26.135713577270508,13201700,-0.5164
2025-07-23,KMI,26.03880860012146,26.155095504549244,25.66087153986361,25.980663299560547,22335900,-0.5933
2025-07-24,KMI,26.009736204067632,26.6299379626699,25.912829217199267,26.571794509887695,19086900,2.2753
2025-07-25,KMI,26.678393227288286,26.843134555690757,26.416744908940757,26.542722702026367,15215800,-0.1094
2025-07-28,KMI,26.726845248428376,26.784988701860808,26.290764726817507,26.368289947509766,13866600,-0.6572
2025-07-29,KMI,26.552413442353707,27.08540095999746,26.436126533725787,27.01756477355957,15308200,2.4623
2025-07-30,KMI,26.998185586854564,27.33735728651082,26.940040282615946,27.143545150756836,18126200,0.4663
2025-07-31,KMI,27.038759774969797,27.538208285258694,27.02896644717359,27.479448318481445,14893100,1.2375
2025-08-01,KMI,27.205240543247026,27.645929053251972,26.93103298946078,27.518619537353516,16329100,0.1425
2025-08-04,KMI,27.528413867824852,27.871170987693596,27.440275789033972,27.694896697998047,16654700,0.6406
2025-08-05,KMI,27.68510267646218,27.743860771554164,26.85268854646669,27.459861755371094,17996200,-0.8487
2025-08-06,KMI,26.54910267289036,26.813515032724958,26.1182056204439,26.196550369262695,38849100,-4.6006
2025-08-07,KMI,26.333652208662677,26.617653079731152,26.19654937042884,26.206342697143555,17708300,0.0374
2025-08-08,KMI,26.36303247680299,26.50992864335627,26.118204909918816,26.33365249633789,15120900,0.4858
2025-08-11,KMI,26.34344582315959,26.52951529699967,26.206342983428005,26.33365249633789,12205000,0.0
2025-08-12,KMI,26.34344653006554,26.363033184234528,25.726481866831545,26.010480880737305,15164400,-1.2272
2025-08-13,KMI,26.098618385206642,26.314067840576172,25.72648130357417,26.314067840576172,14462100,1.1672
2025-08-14,KMI,26.25530987435756,26.53931077151126,26.137793678759394,26.294483184814453,14969600,-0.0744
2025-08-15,KMI,26.35324027425939,26.441378351528716,26.088826042451423,26.118206024169922,13657300,-0.6704
2025-08-18,KMI,26.000688268916843,26.000688268916843,25.638344496253403,25.68730926513672,10558400,-1.6498
2025-08-19,KMI,25.559999840386592,25.853792190551758,25.481655089150134,25.853792190551758,12432600,0.6481
2025-08-20,KMI,25.863585612918484,26.17696461901511,25.765654206541736,26.020275115966797,16175500,0.6439
2025-08-21,KMI,25.961516711404656,26.353240464379788,25.94193005678435,26.26510238647461,11632800,0.9409
2025-08-22,KMI,26.333654442212854,26.4315858497802,26.07903352969226,26.147586822509766,13030200,-0.4474
2025-08-25,KMI,26.147585999085123,26.265102190156192,25.8929650945829,25.93213653564453,11144700,-0.824
2025-08-26,KMI,25.99089772371607,26.118207248022713,25.599172087325208,26.069242477416992,13705500,0.5287
2025-08-27,KMI,26.069242344743174,26.36303470265486,26.020275706500385,26.2748966217041,14137500,0.7889
2025-08-28,KMI,26.31406902840224,26.490343316362424,26.176964313918283,26.451171875,11852800,0.6709
2025-08-29,KMI,26.441377730679257,26.52951580587908,26.284688234298716,26.421791076660156,14034500,-0.1111
2025-09-02,KMI,26.176964713920032,26.421792296806423,26.000688555380037,26.186758041381836,10941300,-0.8895
2025-09-03,KMI,26.186759041336742,26.323861895264873,26.01048287606555,26.176965713500977,10270700,-0.0374
2025-09-04,KMI,26.314068609656765,26.588274298488756,26.05944770725123,26.157377243041992,13220800,-0.0748
2025-09-05,KMI,26.206344508965213,26.294482587605142,25.67751603712564,26.03986167907715,11509200,-0.4493
2025-09-08,KMI,26.196550767383705,26.529516421895366,25.746068921800976,25.93213653564453,14652100,-0.4137
2025-09-09,KMI,26.079031898897124,26.343446122428514,26.05944711291734,26.088825225830078,10998900,0.6042
2025-09-10,KMI,26.06924239301535,26.89186137026856,26.06924239301535,26.81351661682129,12037000,2.7778
2025-09-11,KMI,26.73516997334875,27.009377524972408,26.647031898465652,26.999584197998047,11016200,0.6939
2025-09-12,KMI,27.028965087834905,27.23461935755367,26.921240355380586,27.00937843322754,8665000,0.0363
2025-09-15,KMI,27.097515719714373,27.17586046796965,26.764550072657908,26.793930053710938,9551400,-0.7977
2025-09-16,KMI,26.842894586931603,26.842894586931603,26.5099289427775,26.647031784057617,12100000,-0.5483
2025-09-17,KMI,26.725378514260523,27.087722272881145,26.705791860311805,26.999584197998047,9974300,1.323
2025-09-18,KMI,26.999585606583203,27.30317128708206,26.921240854587168,27.097517013549805,10169900,0.3627
2025-09-19,KMI,27.126895385341474,27.14648017126296,26.71558499481236,26.85268783569336,20820600,-0.9035
2025-09-22,KMI,26.774344302207414,26.891860494608597,26.61765480041504,26.61765480041504,9891400,-0.8753
2025-09-23,KMI,26.6372409281797,27.156274192142238,26.57848096525528,26.901653289794922,11122200,1.067
2025-09-24,KMI,27.058343888137642,27.45006951867548,27.038759100919744,27.244413375854492,14020800,1.2741
2025-09-25,KMI,27.26400043788921,27.61655276348081,27.175862356491308,27.35213851928711,13493300,0.3954
2025-09-26,KMI,27.596964659770833,27.920136985307337,27.450068487779,27.6263427734375,13771800,1.0025
2025-09-29,KMI,27.71448198522285,27.783035278320312,27.43048295679262,27.783035278320312,13675800,0.5672
2025-09-30,KMI,27.694895568499284,27.89075650502404,27.616550820312156,27.724273681640625,16456300,-0.2115
2025-10-01,KMI,27.645929930110462,27.812412759495714,27.420689004438124,27.714481353759766,13920000,-0.0353
2025-10-02,KMI,27.65572366367911,28.311861663495236,27.567585584010807,27.636137008666992,11822000,-0.2827
2025-10-03,KMI,27.64592912483384,28.1355842713646,27.450068186953228,27.871170043945312,12537800,0.8505
2025-10-06,KMI,27.998483204280866,28.027863187375587,27.35213851928711,27.35213851928711,10716800,-1.8623
2025-10-07,KMI,27.430482864379883,27.499034289360154,27.1464819690202,27.430482864379883,9690600,0.2864
2025-10-08,KMI,27.264000305597612,27.606759301827825,27.0387593732898,27.55779266357422,16501400,0.4641
2025-10-09,KMI,27.518618618725014,27.753652856458952,26.89185878354844,26.950618743896484,14633900,-2.2033
2025-10-10,KMI,26.931032280291564,27.22482461255849,26.529515221179924,26.539308547973633,13835200,-1.5262
2025-10-13,KMI,26.53930924503658,26.80372347175339,26.451171169464313,26.774343490600586,11761700,0.8856
2025-10-14,KMI,26.529515107381567,26.813514111636568,26.441377034502338,26.744962692260742,9975100,-0.1097
2025-10-15,KMI,26.901654513062173,27.254206835095214,26.7743449900426,27.038759231567383,9641900,1.0985
2025-10-16,KMI,27.0485507167379,27.166066904153393,26.441377522137444,26.647031784057617,13166400,-1.4488
2025-10-17,KMI,26.539310913698973,26.833103272154673,26.460966160251704,26.81351661682129,13970300,0.6248
2025-10-20,KMI,27.077928255545086,27.293377707715752,26.784135925349183,26.950618743896484,19745500,0.5113
2025-10-21,KMI,27.04855214966202,27.05834360922692,26.793931239591487,26.931034088134766,11439500,-0.0727
2025-10-22,KMI,26.989791870117188,27.0975166029367,26.568688134062224,26.989791870117188,13323300,0.2182
2025-10-23,KMI,27.42068888346354,27.547998402838267,25.69710250092806,25.70689582824707,29594400,-4.7533
2025-10-24,KMI,25.93213780600982,25.93213780600982,25.227035021383248,25.324966430664062,19250100,-1.4857
2025-10-27,KMI,25.36413733597491,25.64813823008038,25.275999256279157,25.608964920043945,16550200,1.1214
2025-10-28,KMI,25.638344307764896,25.638344307764896,25.28579199716106,25.54041290283203,16978500,-0.2677
2025-10-29,KMI,25.61875663776622,25.853790879557476,25.32496430249868,25.3641357421875,18370800,-0.6902
2025-10-30,KMI,25.403310056657734,25.7852404812211,25.197653919510103,25.54041290283203,15228400,0.695
2025-10-31,KMI,25.559999967200568,25.736276125328732,25.422895250941878,25.64813804626465,14287400,0.4218
2025-11-03,KMI,25.730338723393512,25.839282257419537,25.353991252515602,25.829378128051758,15600600,0.7066
2025-11-04,KMI,25.710532030391107,25.829379701022553,25.50255096806062,25.591686248779297,16101600,-0.9202
2025-11-05,KMI,25.55206983983886,25.968033855325526,25.41341579768319,25.670917510986328,18891700,0.3096
2025-11-06,KMI,25.7501479984195,26.10668911365312,25.670916849369764,25.868995666503906,12929300,0.7716
2025-11-07,KMI,25.868994611703233,26.354285615972724,25.78976346588412,26.29486083984375,11602400,1.6462
2025-11-10,KMI,26.294861808501743,26.869288109106062,26.13639951102604,26.79996109008789,12878400,1.9209
2025-11-11,KMI,26.87919303734522,26.93861781742868,26.532557931956628,26.681116104125977,12348200,-0.4435
2025-11-12,KMI,26.71082598574585,27.077271231684342,26.651403096060008,26.750442504882812,10557700,0.2598
2025-11-13,KMI,26.819768384084572,26.938616047422936,26.562266687701058,26.631593704223633,15289400,-0.4443
2025-11-14,KMI,26.591979608154656,27.225828787930016,26.42361318364938,27.15650177001953,17510700,1.971
2025-11-17,KMI,27.16640644831934,27.285252227418024,26.859385981791544,26.879192352294922,14176300,-1.0212
2025-11-18,KMI,26.80986550743797,27.057463086027564,26.661307338088136,26.829673767089844,16210400,-0.1842
2025-11-19,KMI,26.44342152639288,26.641498451189264,26.09678454672474,26.562267303466797,15595200,-0.9967
2025-11-20,KMI,26.720729931263726,27.106983434107093,26.443421855295718,26.463228225708008,19024600,-0.3729
2025-11-21,KMI,26.542459271722816,26.80986510595988,26.284959456182964,26.72072982788086,14887300,0.9731
2025-11-24,KMI,26.76034611728275,26.770250246875506,26.304765601113882,26.562267303466797,23465300,-0.593
2025-11-25,KMI,26.433518409024042,26.532557819724556,26.067073156138036,26.265151977539062,15378100,-1.1186
2025-11-26,KMI,26.39390083795918,26.8197689646968,26.324573819935768,26.69101905822754,10980200,1.6214
2025-11-28,KMI,26.70092157979419,27.097079210987953,26.601884061015337,27.057462692260742,5815700,1.3729
2025-12-01,KMI,26.94851888594343,27.176310088313283,26.908904256630997,27.027751922607422,13036700,-0.1098
2025-12-02,KMI,27.057462742256057,27.057462742256057,26.52265296158762,26.59197998046875,11198000,-1.6123
2025-12-03,KMI,26.720730339855745,27.106983848605392,26.63159506006887,26.908905029296875,10768100,1.1918
2025-12-04,KMI,26.869287806582996,27.592274155822782,26.799960788345384,27.572465896606445,11907400,2.466
2025-12-05,KMI,27.602178905135293,27.730928814892952,27.423908346224987,27.50313949584961,14290800,-0.2514
2025-12-08,KMI,27.453618160559003,27.453618160559003,26.988135404275425,27.027751922607422,12518300,-1.7285
2025-12-09,KMI,27.07727095162435,27.552657842233362,27.007943932871317,27.057462692260742,13651700,0.1099
2025-12-10,KMI,27.07727110753173,27.087175237270557,26.27505548888252,26.3344783782959,15477000,-2.672
2025-12-11,KMI,26.24534271257692,26.57217143305955,26.19582395363272,26.562267303466797,11034100,0.865
2025-12-12,KMI,26.700922409862336,26.82967421070877,26.324574915352013,26.473133087158203,10579500,-0.3356
2025-12-15,KMI,26.51274887428772,26.552363504131893,26.18592014974,26.463228225708008,12074000,-0.0374
2025-12-16,KMI,26.403805502729206,26.403805502729206,25.987841497137765,26.076976776123047,12300300,-1.4596
2025-12-17,KMI,26.146304243311818,26.48303710546291,26.0967854825918,26.393901824951172,12229600,1.2153
2025-12-18,KMI,26.453323070409674,26.601883121369614,26.067071471560684,26.08687973022461,12326900,-1.1632
2025-12-19,KMI,26.06707287089451,26.473132750205554,26.05716874103087,26.23543930053711,17976200,0.5695
2025-12-22,KMI,26.34438150877017,26.68111435103942,26.294860861954383,26.631593704223633,9417500,1.51
2025-12-23,KMI,26.582076692992313,27.027753098519764,26.582076692992313,27.01784896850586,8517900,1.4504
2025-12-24,KMI,27.007943993461215,27.097079271777822,26.91880871514461,26.928712844848633,3905000,-0.3299
2025-12-26,KMI,26.988135734053174,27.077271012369778,26.819769307123984,26.928712844848633,5094000,0.0
2025-12-29,KMI,27.037654988852008,27.255542068292744,26.958423838788004,27.116886138916016,7968700,0.6988
2025-12-30,KMI,27.225829016651424,27.38429131292649,27.15650199815853,27.314964294433594,8074100,0.7305
2025-12-31,KMI,27.27535072827889,27.314965359382356,27.097080165764183,27.225830078125,9434300,-0.3263
2026-01-02,KMI,27.225828957198182,27.631888826643767,26.928712624586144,27.443714141845703,10257300,0.8003
2026-01-05,KMI,27.691312233091207,27.691312233091207,26.8692883492081,27.63188934326172,17778500,0.6857
2026-01-06,KMI,27.73092814913788,27.73092814913788,26.334477989892147,26.562267303466797,19691800,-3.871
2026-01-07,KMI,26.63159410780645,26.908904067118716,26.57217121974652,26.740537643432617,11123800,0.6711
2026-01-08,KMI,26.740538270981148,27.20602103491043,26.740538270981148,27.007944107055664,12654900,1.0
2026-01-09,KMI,27.136694526108116,27.22582980647611,26.671211753423844,26.859386444091797,13382600,-0.5501
2026-01-12,KMI,26.879191562517565,26.988135097673325,26.443421199933606,26.661306381225586,13562600,-0.7375
2026-01-13,KMI,26.84948218808726,27.245637938407288,26.809865668545445,27.116886138916016,11440600,1.7088
2026-01-14,KMI,27.04755863369514,27.53284965526193,27.04755863369514,27.265445709228516,13634500,0.5478
2026-01-15,KMI,27.225829966820633,27.453619289538338,27.05746353502502,27.14659881591797,11802100,-0.4359
2026-01-16,KMI,27.27535066372666,27.71112104993167,27.12679060263623,27.691312789916992,14289600,2.0066
2026-01-20,KMI,27.86958335200979,28.067662174117267,27.47342759681449,27.691312789916992,17090000,0.0
2026-01-21,KMI,28.05775749375362,28.384586221506417,27.96862221445562,28.305355072021484,17547800,2.2175
2026-01-22,KMI,28.85006796571972,29.889978890986328,28.65199104354004,29.404687881469727,29210800,3.8838
2026-01-23,KMI,29.691900861693174,29.711709121138632,29.196705709674195,29.28584098815918,17249000,-0.4042
2026-01-26,KMI,29.513630702252684,29.553247221677218,28.711415074102103,29.05805206298828,15781500,-0.7778
2026-01-27,KMI,28.949107695171545,29.325457062856362,28.879780677182122,29.305648803710938,14938700,0.8521
2026-01-28,KMI,29.454207649582923,30.01872982512967,29.285841220997085,29.781036376953125,17467300,1.6222
2026-01-29,KMI,30.206903555079645,30.276230572471125,29.721612544319726,29.94940185546875,18864600,0.5653
2026-01-30,KMI,30.068250593648358,30.25642339356546,29.612670066067825,30.19700050354004,18926700,0.8267
2026-02-02,KMI,29.8799991607666,29.899999618530273,29.450000762939453,29.610000610351562,15785600,-1.9439
2026-02-03,KMI,29.729999542236328,30.389999389648438,29.65999984741211,30.31999969482422,17139000,2.3978
2026-02-04,KMI,30.399999618530273,30.559999465942383,29.540000915527344,30.059999465942383,18763700,-0.8575
2026-02-05,KMI,29.959999084472656,30.389999389648438,29.700000762939453,30.329999923706055,11523200,0.8982
2026-02-06,KMI,30.40999984741211,30.59000015258789,30.239999771118164,30.5,11765900,0.5605
2026-02-09,KMI,30.479999542236328,31.1200008392334,30.459999084472656,30.989999771118164,11713100,1.6066
2026-02-10,KMI,31.219999313354492,31.540000915527344,30.899999618530273,31.010000228881836,12322200,0.0645
2026-02-11,KMI,31.479999542236328,31.670000076293945,31.209999084472656,31.450000762939453,13391000,1.4189
2026-02-12,KMI,31.510000228881836,31.989999771118164,31.420000076293945,31.690000534057617,15378200,0.7631
2026-02-13,KMI,31.709999084472656,32.34000015258789,31.670000076293945,32.31999969482422,14026700,1.988
2026-02-17,KMI,32.33000183105469,32.58000183105469,31.809999465942383,32.130001068115234,12213900,-0.5879
2026-02-18,KMI,32.5,32.560001373291016,32.13999938964844,32.290000915527344,11952700,0.498
2026-02-19,KMI,32.5,32.77000045776367,32.380001068115234,32.540000915527344,14436600,0.7742
2026-02-20,KMI,32.599998474121094,32.77000045776367,32.16999816894531,32.72999954223633,15816400,0.5839
2026-02-23,KMI,32.7400016784668,33.2400016784668,32.630001068115234,32.70000076293945,10040900,-0.0917
2026-02-24,KMI,32.630001068115234,32.720001220703125,32.13999938964844,32.689998626708984,11971400,-0.0306
2026-02-25,KMI,32.66999816894531,32.79999923706055,32.209999084472656,32.77000045776367,9971900,0.2447
2026-02-26,KMI,32.70000076293945,33.2400016784668,32.56999969482422,33.060001373291016,12412300,0.885
2026-02-27,KMI,33.130001068115234,33.349998474121094,32.95000076293945,33.27000045776367,16321700,0.6352
2025-01-02,META,589.72,604.91,587.82,599.24,12682300,
2025-01-03,META,604.76,609.5,596.41,604.63,11436800,0.9
2025-01-06,META,611.83,630.99,605.62,630.2,14560800,4.23
2025-01-07,META,631.7,632.1,608.23,617.89,12071500,-1.95
2025-01-08,META,613.4,616.44,602.79,610.72,10085800,-1.16
2025-01-10,META,610.03,629.91,597.34,615.86,19256600,0.84
2025-01-13,META,607.1,608.97,598.45,608.33,10785000,-1.22
2025-01-14,META,605.07,605.49,588.55,594.25,13598000,-2.31
2025-01-15,META,610.21,622.46,606.5,617.12,15524300,3.85
2025-01-16,META,611.5,616.25,609.71,611.3,8355300,-0.94
2025-01-17,META,624.05,624.97,603.67,612.77,17280600,0.24
2025-01-21,META,617.83,621.5,609.01,616.46,11674000,0.6
2025-01-22,META,623.3,633.7,619.43,623.5,12274000,1.14
2025-01-23,META,627.36,636.6,621.15,636.45,9910200,2.08
2025-01-24,META,636.4,652.0,634.2,647.49,19065300,1.73
2025-01-27,META,626.61,663.87,625.1,659.88,28399200,1.91
2025-01-28,META,666.0,682.58,659.47,674.33,20950100,2.19
2025-01-29,META,675.0,681.05,665.67,676.49,21377800,0.32
2025-01-30,META,696.82,710.79,676.1,687.0,29322900,1.55
2025-01-31,META,691.0,705.3,685.58,689.18,19303900,0.32
2025-02-03,META,675.91,704.0,675.25,697.46,21415700,1.2
2025-02-04,META,702.5,707.71,691.61,704.19,13826300,0.96
2025-02-05,META,703.55,718.14,699.01,704.87,17778200,0.1
2025-02-06,META,705.88,718.9,703.5,711.99,13080700,1.01
2025-02-07,META,716.8,725.01,711.75,714.52,16427100,0.36
2025-02-10,META,718.56,721.2,711.33,717.4,12904300,0.4
2025-02-11,META,713.32,723.66,710.04,719.8,12998000,0.33
2025-02-12,META,715.3,727.1,712.6,725.38,12016500,0.78
2025-02-13,META,721.52,729.0,718.04,728.56,12569100,0.44
2025-02-14,META,726.14,740.91,725.62,736.67,16901200,1.11
2025-02-18,META,736.0,737.0,706.44,716.37,21938700,-2.76
2025-02-19,META,704.1,707.0,695.39,703.77,17535500,-1.76
2025-02-20,META,697.28,705.63,693.64,694.84,12587400,-1.27
2025-02-21,META,696.58,703.87,682.36,683.55,15660400,-1.62
2025-02-24,META,686.28,687.27,662.45,668.13,15677000,-2.26
2025-02-25,META,665.97,668.0,641.86,657.5,20579700,-1.59
2025-02-26,META,659.65,683.01,658.0,673.7,14488700,2.46
2025-02-27,META,682.45,688.65,657.57,658.24,12500000,-2.29
2025-02-28,META,658.04,669.63,642.6,668.2,17534200,1.51
2025-03-03,META,673.68,681.25,650.84,655.05,10843800,-1.97
2025-03-04,META,645.51,649.75,623.65,640.0,21495200,-2.3
2025-03-05,META,641.0,659.5,637.66,656.47,13770000,2.57
2025-03-06,META,648.0,650.56,624.11,627.93,13446500,-4.35
2025-03-07,META,625.37,634.79,600.61,625.66,21375700,-0.36
2025-03-10,META,608.07,610.11,586.87,597.99,21999900,-4.42
2025-03-11,META,595.05,614.93,593.33,605.71,17401500,1.29
2025-03-12,META,629.9,633.33,609.35,619.56,15747000,2.29
2025-03-13,META,620.25,620.5,586.51,590.64,16480300,-4.67
2025-03-14,META,602.8,608.86,594.78,607.6,12364500,2.87
2025-03-17,META,607.46,613.1,598.0,604.9,15473900,-0.44
2025-03-18,META,600.05,600.25,574.66,582.36,20297700,-3.73
2025-03-19,META,584.28,592.32,574.77,584.06,20537500,0.29
2025-03-20,META,582.76,610.2,579.51,586.0,24336500,0.33
2025-03-21,META,583.42,597.54,580.95,596.25,25015900,1.75
2025-03-24,META,614.97,622.54,612.2,618.85,15741300,3.79
2025-03-25,META,626.76,633.88,621.18,626.31,15312500,1.21
2025-03-26,META,624.89,626.75,606.61,610.98,12609800,-2.45
2025-03-27,META,602.0,614.25,600.1,602.58,10436500,-1.37
2025-03-28,META,600.31,601.75,573.92,576.74,17602800,-4.29
2025-03-31,META,563.5,578.7,553.3,576.36,21124700,-0.07
2025-04-01,META,570.84,589.91,570.0,586.0,12836600,1.67
2025-04-02,META,574.91,592.66,573.36,583.93,13470800,-0.35
2025-04-03,META,546.22,552.56,530.3,531.62,34777500,-8.96
2025-04-04,META,506.62,518.0,494.2,504.73,38589800,-5.06
2025-04-07,META,485.1,539.37,481.9,516.25,36606100,2.28
2025-04-08,META,543.25,547.43,502.86,510.45,28034200,-1.12
2025-04-09,META,509.27,587.89,502.11,585.77,39216600,14.76
2025-04-10,META,575.49,581.3,535.3,546.29,28173500,-6.74
2025-04-11,META,535.51,547.4,528.59,543.57,17642300,-0.5
2025-04-14,META,556.17,557.77,528.28,531.48,14130900,-2.22
2025-04-15,META,532.11,537.94,517.5,521.52,15558700,-1.87
2025-04-16,META,508.51,513.37,495.63,502.31,18735100,-3.68
2025-04-17,META,505.25,507.3,498.01,501.48,14593500,-0.17
2025-04-21,META,491.33,493.5,479.8,484.66,16166000,-3.35
2025-04-22,META,491.87,506.88,486.36,500.28,17399400,3.22
2025-04-23,META,528.53,535.34,516.52,520.27,18173900,4.0
2025-04-24,META,518.73,533.9,517.5,533.15,13910000,2.48
2025-04-25,META,546.8,549.86,536.25,547.27,17098900,2.65
2025-04-28,META,555.64,558.49,540.59,549.74,15179000,0.45
2025-04-29,META,546.0,556.57,544.12,554.44,11835000,0.85
2025-04-30,META,538.4,549.1,529.5,549.0,29244000,-0.98
2025-05-01,META,592.08,592.95,570.5,572.21,31159000,4.23
2025-05-02,META,583.46,604.34,578.33,597.02,24739300,4.34
2025-05-05,META,591.22,603.21,588.05,599.27,13887700,0.38
2025-05-06,META,592.53,596.03,586.58,587.31,10600700,-2.0
2025-05-07,META,590.36,603.08,586.67,596.81,13139100,1.62
2025-05-08,META,606.29,611.3,596.62,598.01,14622800,0.2
2025-05-09,META,603.72,606.97,591.71,592.49,10427300,-0.92
2025-05-12,META,630.92,640.39,621.03,639.43,21965100,7.92
2025-05-13,META,645.54,660.92,642.83,656.03,18570800,2.6
2025-05-14,META,661.21,662.67,654.31,659.36,12348200,0.51
2025-05-15,META,654.28,657.31,638.58,643.88,14341800,-2.35
2025-05-16,META,637.96,640.44,626.15,640.34,18519000,-0.55
2025-05-19,META,628.25,643.0,627.8,640.43,9592400,0.01
2025-05-20,META,636.01,639.35,632.26,637.1,6743500,-0.52
2025-05-21,META,631.79,646.61,630.17,635.5,11464600,-0.25
2025-05-22,META,634.05,643.25,630.71,636.57,8228400,0.17
2025-05-23,META,624.0,632.45,622.65,627.06,8454100,-1.49
2025-05-27,META,635.41,643.08,632.75,642.32,9508400,2.43
2025-05-28,META,642.6,650.88,642.55,643.58,9042900,0.2
2025-05-29,META,651.65,653.32,639.5,645.05,8858800,0.23
2025-05-30,META,642.5,649.41,632.78,647.49,16241000,0.38
2025-06-02,META,644.39,673.26,644.26,670.9,15766300,3.62
2025-06-03,META,671.45,675.58,665.03,666.85,11585000,-0.6
2025-06-04,META,669.32,689.0,668.57,687.95,14031900,3.16
2025-06-05,META,691.66,694.38,682.25,684.62,13083100,-0.48
2025-06-06,META,696.17,702.81,691.87,697.71,11728000,1.91
2025-06-09,META,698.46,705.19,693.94,694.06,12773200,-0.52
2025-06-10,META,701.35,703.23,691.56,702.4,10850100,1.2
2025-06-11,META,703.71,708.87,691.99,694.14,9582500,-1.18
2025-06-12,META,693.3,695.38,687.0,693.36,7322700,-0.11
2025-06-13,META,687.95,694.57,681.01,682.87,9274400,-1.51
2025-06-16,META,699.33,707.15,693.51,702.12,13720300,2.82
2025-06-17,META,702.0,705.97,696.06,697.23,10066100,-0.7
2025-06-18,META,698.18,701.59,694.9,695.77,10068300,-0.21
2025-06-20,META,700.75,701.82,678.67,682.35,22538600,-1.93
2025-06-23,META,683.69,699.05,678.75,698.53,11080100,2.37
2025-06-24,META,704.89,713.19,702.11,712.2,13823200,1.96
2025-06-25,META,713.32,716.58,705.38,708.68,9320400,-0.49
2025-06-26,META,714.36,728.22,711.05,726.09,13964800,2.46
2025-06-27,META,726.52,735.43,725.86,733.63,18775700,1.04
2025-06-30,META,744.55,747.9,734.25,738.09,15402100,0.61
2025-07-01,META,736.88,737.75,715.37,719.22,13431200,-2.56
2025-07-02,META,715.33,720.3,712.8,713.57,9336700,-0.79
2025-07-03,META,726.61,729.03,714.42,719.01,8601700,0.76
2025-07-07,META,717.6,727.0,713.51,718.35,9457100,-0.09
2025-07-08,META,721.57,722.91,714.81,720.67,7770700,0.32
2025-07-09,META,722.72,737.53,722.72,732.78,11418000,1.68
2025-07-10,META,731.55,735.8,719.6,727.24,9913600,-0.76
2025-07-11,META,722.5,725.16,709.7,717.51,10873900,-1.34
2025-07-14,META,717.6,728.0,716.55,720.92,8939400,0.48
2025-07-15,META,723.9,724.47,709.82,710.39,11529500,-1.46
2025-07-16,META,713.37,713.97,699.27,702.91,13067600,-1.05
2025-07-17,META,704.39,705.9,697.11,701.41,11803300,-0.21
2025-07-18,META,702.19,704.71,691.65,704.28,12779800,0.41
2025-07-21,META,706.8,717.0,705.76,712.97,9404400,1.23
2025-07-22,META,716.19,716.6,701.41,704.81,8921100,-1.14
2025-07-23,META,706.37,714.63,704.93,713.58,8771600,1.24
2025-07-24,META,717.05,723.62,714.0,714.8,10920800,0.17
2025-07-25,META,716.92,720.65,711.9,712.68,8271700,-0.3
2025-07-28,META,715.2,724.74,712.68,717.63,8715700,0.69
2025-07-29,META,720.0,724.47,699.91,700.0,13267000,-2.46
2025-07-30,META,708.09,708.5,691.2,695.21,27077300,-0.68
2025-07-31,META,775.2,784.75,765.51,773.44,38831100,11.25
2025-08-01,META,760.73,766.0,745.31,750.01,19028700,-3.03
2025-08-04,META,760.0,776.85,758.41,776.37,15801700,3.51
2025-08-05,META,776.45,783.13,763.0,763.46,11640300,-1.66
2025-08-06,META,770.0,773.64,760.46,771.99,9733900,1.12
2025-08-07,META,773.49,775.0,759.55,761.83,9019700,-1.32
2025-08-08,META,762.75,769.9,758.58,769.3,7320800,0.98
2025-08-11,META,770.08,773.46,764.67,765.87,7612000,-0.45
2025-08-12,META,773.0,793.67,772.43,790.0,14563100,3.15
2025-08-13,META,791.15,795.46,778.23,780.08,8811800,-1.26
2025-08-14,META,777.88,787.81,772.51,782.13,8116200,0.26
2025-08-15,META,784.15,796.25,780.82,785.23,13375400,0.4
2025-08-18,META,775.09,775.81,756.56,767.37,16513700,-2.27
2025-08-19,META,767.12,767.17,749.36,751.48,12286700,-2.07
2025-08-20,META,747.57,750.2,731.0,747.72,11898200,-0.5
2025-08-21,META,744.71,745.5,733.11,739.1,8876300,-1.15
2025-08-22,META,739.23,756.9,734.39,754.79,10612700,2.12
2025-08-25,META,754.82,758.88,750.13,753.3,6861200,-0.2
2025-08-26,META,750.8,754.87,747.94,754.1,7601800,0.11
2025-08-27,META,752.3,754.15,742.84,747.38,8315400,-0.89
2025-08-28,META,744.0,753.05,740.8,751.11,7468000,0.5
2025-08-29,META,745.28,747.14,735.35,738.7,9070500,-1.65
2025-09-02,META,726.04,736.0,721.73,735.11,9350900,-0.49
2025-09-03,META,736.0,740.25,733.99,737.05,7699300,0.26
2025-09-04,META,748.57,761.16,745.82,748.65,11439100,1.57
2025-09-05,META,752.62,757.95,745.03,752.45,9663400,0.51
2025-09-08,META,756.0,766.51,752.02,752.3,13087800,-0.02
2025-09-09,META,757.49,766.3,753.43,765.7,10999000,1.78
2025-09-10,META,765.13,765.7,751.0,751.98,12478300,-1.79
2025-09-11,META,754.65,757.1,748.37,750.9,7923300,-0.14
2025-09-12,META,748.73,757.57,743.76,755.59,8248600,0.62
2025-09-15,META,757.47,774.07,751.99,764.7,10533800,1.21
2025-09-16,META,767.0,781.36,765.1,779.0,11782500,1.87
2025-09-17,META,779.99,783.29,766.31,775.72,9400900,-0.42
2025-09-18,META,780.75,788.78,773.36,780.25,10955000,0.58
2025-09-19,META,786.42,790.8,769.19,778.38,23696800,-0.24
2025-09-22,META,781.85,785.73,764.47,765.16,11706900,-1.7
2025-09-23,META,769.25,770.6,751.07,755.4,10872600,-1.28
2025-09-24,META,757.5,761.11,752.53,760.66,8828200,0.7
2025-09-25,META,753.45,756.77,744.55,748.91,10591100,-1.54
2025-09-26,META,750.0,751.93,737.35,743.75,9696300,-0.69
2025-09-29,META,748.72,750.78,739.15,743.4,9246800,-0.05
2025-09-30,META,742.25,742.97,726.3,734.38,16226800,-1.21
2025-10-01,META,721.49,721.85,710.2,717.34,20419600,-2.32
2025-10-02,META,722.58,727.77,718.14,727.05,11415300,1.35
2025-10-03,META,729.63,731.0,710.18,710.56,16154300,-2.27
2025-10-06,META,705.19,716.88,690.51,715.66,21654700,0.72
2025-10-07,META,717.72,718.5,705.75,713.08,12062900,-0.36
2025-10-08,META,713.45,719.65,707.81,717.84,10790600,0.67
2025-10-09,META,718.28,733.51,712.44,733.51,12717200,2.18
2025-10-10,META,730.92,735.27,704.51,705.3,16980100,-3.85
2025-10-13,META,713.01,719.94,707.64,715.7,9251800,1.47
2025-10-14,META,707.78,715.55,699.33,708.65,8829800,-0.99
2025-10-15,META,717.06,723.9,709.51,717.55,10246800,1.26
2025-10-16,META,717.55,725.49,703.88,712.07,9017000,-0.76
2025-10-17,META,707.08,718.54,706.12,716.92,12232400,0.68
2025-10-20,META,721.19,733.77,720.18,732.17,8900200,2.13
2025-10-21,META,736.02,738.5,728.75,733.27,7647300,0.15
2025-10-22,META,733.83,740.6,724.03,733.41,8734500,0.02
2025-10-23,META,734.7,742.41,733.1,734.0,9856000,0.08
2025-10-24,META,736.79,741.21,731.15,738.36,9151300,0.59
2025-10-27,META,749.73,755.75,748.01,750.82,11321100,1.69
2025-10-28,META,752.63,758.4,745.52,751.44,12193800,0.08
2025-10-29,META,754.75,759.16,742.51,751.67,26818600,0.03
2025-10-30,META,669.15,680.96,650.17,666.47,88440100,-11.33
2025-10-31,META,674.51,674.89,645.57,648.35,56953200,-2.72
2025-11-03,META,656.0,659.33,636.18,637.71,33003600,-1.64
2025-11-04,META,628.04,641.74,626.01,627.32,27356600,-1.63
2025-11-05,META,632.31,642.23,626.54,635.95,20219900,1.38
2025-11-06,META,635.85,636.0,618.0,618.94,23628800,-2.67
2025-11-07,META,616.49,622.13,601.2,621.71,29946800,0.45
2025-11-10,META,631.09,635.0,618.11,631.76,19245000,1.62
2025-11-11,META,628.0,629.56,619.39,627.08,13302200,-0.74
2025-11-12,META,628.13,628.99,607.77,609.01,24493300,-2.88
2025-11-13,META,613.07,617.65,603.0,609.89,20973800,0.14
2025-11-14,META,601.79,613.68,595.2,609.46,20724100,-0.07
2025-11-17,META,609.04,611.69,595.4,602.01,16501300,-1.22
2025-11-18,META,591.6,603.66,583.78,597.69,25500600,-0.72
2025-11-19,META,593.72,595.33,581.25,590.32,24744700,-1.23
2025-11-20,META,603.5,606.72,583.35,589.15,20603000,-0.2
2025-11-21,META,588.5,598.12,581.86,594.25,21052600,0.87
2025-11-24,META,598.72,616.7,597.63,613.05,23554900,3.16
2025-11-25,META,624.0,637.05,618.3,636.22,25213000,3.78
2025-11-26,META,637.69,638.36,631.63,633.61,15209500,-0.41
2025-11-28,META,636.08,648.05,635.5,647.95,11033200,2.26
2025-12-01,META,639.55,645.32,637.76,640.87,13029900,-1.09
2025-12-02,META,642.34,647.87,638.07,647.1,11640900,0.97
2025-12-03,META,644.41,648.85,637.55,639.6,11134300,-1.16
2025-12-04,META,676.0,676.1,660.05,661.53,29874600,3.43
2025-12-05,META,664.0,674.69,662.39,673.42,21207900,1.8
2025-12-08,META,669.34,676.71,665.07,666.8,13161000,-0.98
2025-12-09,META,663.77,664.48,653.34,656.96,12997100,-1.48
2025-12-10,META,649.95,654.51,643.4,650.13,16910900,-1.04
2025-12-11,META,643.29,655.28,640.8,652.71,13056700,0.4
2025-12-12,META,649.8,711.0,638.61,644.23,14016900,-1.3
2025-12-15,META,645.7,653.0,638.7,647.51,15549100,0.51
2025-12-16,META,643.5,662.54,643.2,657.15,14309100,1.49
2025-12-17,META,655.61,661.23,649.2,649.5,15598500,-1.16
2025-12-18,META,657.03,670.56,656.46,664.45,20260300,2.3
2025-12-19,META,666.42,671.0,658.18,658.77,49977100,-0.85
2025-12-22,META,661.65,673.58,656.65,661.5,15659400,0.41
2025-12-23,META,660.05,666.0,658.25,664.94,8486800,0.52
2025-12-24,META,662.53,668.18,662.2,667.55,5627500,0.39
2025-12-26,META,668.06,668.95,661.32,663.29,7133800,-0.64
2025-12-29,META,658.01,660.25,654.39,658.69,8506500,-0.69
2025-12-30,META,658.69,672.22,657.84,665.95,9187500,1.1
2025-12-31,META,664.75,665.0,659.44,660.09,7940400,-0.88
2026-01-02,META,662.73,664.39,643.5,650.41,13726500,-1.47
2026-01-05,META,651.01,664.54,647.75,658.79,12213700,1.29
2026-01-06,META,659.57,665.52,651.9,660.62,11074400,0.28
2026-01-07,META,655.64,659.15,644.81,648.69,12846300,-1.81
2026-01-08,META,645.88,647.1,635.72,646.06,11921700,-0.41
2026-01-09,META,645.44,654.95,642.85,653.06,11634900,1.08
2026-01-12,META,652.53,653.97,641.23,641.97,14797200,-1.7
2026-01-13,META,642.27,642.27,624.1,631.09,18030400,-1.69
2026-01-14,META,626.5,628.45,614.82,615.52,15527900,-2.47
2026-01-15,META,618.48,624.17,614.23,620.8,13076100,0.86
2026-01-16,META,624.18,629.08,620.08,620.25,17012500,-0.09
2026-01-20,META,607.88,611.4,600.0,604.12,15169600,-2.6
2026-01-21,META,606.74,618.27,600.08,612.96,14494700,1.46
2026-01-22,META,629.35,660.57,626.55,647.63,21394700,5.66
2026-01-23,META,644.77,666.49,644.45,658.76,22797700,1.72
2026-01-26,META,665.13,675.28,661.29,672.36,16327400,2.06
2026-01-27,META,674.59,676.82,664.66,672.97,13297400,0.09
2026-01-28,META,674.5,677.68,666.1,668.73,25709600,-0.63
2026-01-29,META,737.43,744.0,712.55,738.31,59852900,10.4
2026-01-30,META,727.5,732.17,713.59,716.5,23744600,-2.95
2026-02-02,META,714.6,721.3,703.52,706.41,14365200,-1.41
2026-02-03,META,707.37,717.0,686.41,691.7,13760700,-2.08
2026-02-04,META,687.73,688.83,667.46,668.99,16882800,-3.28
2026-02-05,META,663.58,681.5,653.5,670.21,17131800,0.18
2026-02-06,META,665.49,671.99,646.5,661.46,18159300,-1.31
2026-02-09,META,663.18,683.31,658.78,677.22,14837500,2.38
2026-02-10,META,677.6,680.65,669.79,670.72,10455800,-0.96
2026-02-11,META,674.0,679.27,657.1,668.69,14323800,-0.3
2026-02-12,META,669.97,676.0,645.28,649.81,14960100,-2.82
2026-02-13,META,645.1,651.43,634.57,639.77,12336400,-1.55
2026-02-17,META,639.5,642.6,628.8,639.29,12674700,-0.08
2026-02-18,META,633.8,645.0,628.15,643.22,14649200,0.61
2026-02-19,META,638.57,647.19,636.72,644.78,10035700,0.24
2026-02-20,META,639.69,663.35,638.78,655.66,14183500,1.69
2026-02-23,META,652.54,657.7,636.0,637.25,8605900,-2.81
2026-02-24,META,633.08,641.11,628.98,639.3,10135600,0.32
2026-02-25,META,642.53,653.88,642.14,653.69,11330700,2.25
2026-02-26,META,650.55,661.0,647.5,657.01,10637700,0.51
2026-02-27,META,643.45,649.44,638.12,648.18,15670700,-1.34
2025-01-02,MSFT,425.53,426.07,414.85,418.58,16896500,
2025-01-03,MSFT,421.08,424.03,419.54,423.35,16662900,1.14
2025-01-06,MSFT,428.0,434.32,425.48,427.85,20573600,1.06
2025-01-07,MSFT,429.0,430.65,420.8,422.37,18139100,-1.28
2025-01-08,MSFT,423.46,426.97,421.54,424.56,15054600,0.52
2025-01-10,MSFT,424.63,424.71,415.02,418.95,20201100,-1.32
2025-01-13,MSFT,415.24,418.5,412.29,417.19,17604800,-0.42
2025-01-14,MSFT,417.81,419.74,410.72,415.67,16935900,-0.36
2025-01-15,MSFT,419.13,428.15,418.27,426.31,19637800,2.56
2025-01-16,MSFT,428.7,429.49,424.39,424.58,15300000,-0.41
2025-01-17,MSFT,434.09,434.48,428.17,429.03,26197500,1.05
2025-01-21,MSFT,430.2,430.9,425.6,428.5,26085700,-0.12
2025-01-22,MSFT,437.56,447.27,436.0,446.2,27803800,4.13
2025-01-23,MSFT,442.0,446.75,441.5,446.71,18389300,0.11
2025-01-24,MSFT,445.16,446.65,441.4,444.06,15549500,-0.59
2025-01-27,MSFT,424.01,435.2,423.5,434.56,35647800,-2.14
2025-01-28,MSFT,434.6,448.38,431.38,447.2,23491700,2.91
2025-01-29,MSFT,446.69,446.88,440.4,442.33,23581400,-1.09
2025-01-30,MSFT,418.77,422.86,413.16,414.99,54586300,-6.18
2025-01-31,MSFT,418.98,420.69,414.91,415.06,34161900,0.02
2025-02-03,MSFT,411.6,415.41,408.66,410.92,25679100,-1.0
2025-02-04,MSFT,412.69,413.92,409.74,412.37,20532100,0.35
2025-02-05,MSFT,412.35,413.83,410.4,413.29,16316700,0.22
2025-02-06,MSFT,414.0,418.2,414.0,415.82,16309800,0.61
2025-02-07,MSFT,416.48,418.65,408.1,409.75,22886800,-1.46
2025-02-10,MSFT,413.71,415.46,410.92,412.22,20817900,0.6
2025-02-11,MSFT,409.64,412.49,409.3,411.44,18140600,-0.19
2025-02-12,MSFT,407.21,410.75,404.37,409.04,19121700,-0.58
2025-02-13,MSFT,407.0,411.0,406.36,410.54,23891700,0.37
2025-02-14,MSFT,407.79,408.91,405.88,408.43,22758500,-0.51
2025-02-18,MSFT,408.0,410.6,406.5,409.64,21423100,0.3
2025-02-19,MSFT,407.88,415.49,407.65,414.77,24114200,1.25
2025-02-20,MSFT,415.29,419.31,412.54,416.13,23508700,0.33
2025-02-21,MSFT,417.34,418.05,407.89,408.21,27524800,-1.9
2025-02-24,MSFT,408.51,409.37,399.32,404.0,26443700,-1.03
2025-02-25,MSFT,401.1,401.92,396.7,397.9,29387400,-1.51
2025-02-26,MSFT,398.01,403.6,394.25,399.73,19619000,0.46
2025-02-27,MSFT,401.27,405.74,392.17,392.53,21127400,-1.8
2025-02-28,MSFT,392.66,397.63,386.57,396.99,32845700,1.14
2025-03-03,MSFT,398.82,398.82,386.16,388.49,23007700,-2.14
2025-03-04,MSFT,383.4,392.58,381.0,388.61,29342900,0.03
2025-03-05,MSFT,389.34,401.67,388.81,401.02,23433100,3.19
2025-03-06,MSFT,394.28,402.15,392.68,396.89,23304600,-1.03
2025-03-07,MSFT,392.32,394.8,385.54,393.31,22034100,-0.9
2025-03-10,MSFT,385.84,386.4,377.22,380.16,32840100,-3.34
2025-03-11,MSFT,379.0,386.0,376.91,380.45,30380200,0.08
2025-03-12,MSFT,382.95,385.22,378.95,383.27,24253600,0.74
2025-03-13,MSFT,383.16,385.32,377.45,378.77,20473000,-1.17
2025-03-14,MSFT,379.78,390.23,379.51,388.56,19952800,2.58
2025-03-17,MSFT,386.7,392.71,385.57,388.7,22474300,0.04
2025-03-18,MSFT,387.07,387.37,381.1,383.52,19486900,-1.33
2025-03-19,MSFT,385.53,389.68,384.0,387.82,19185500,1.12
2025-03-20,MSFT,385.74,391.79,383.28,386.84,18470500,-0.25
2025-03-21,MSFT,383.22,391.74,382.8,391.26,39675900,1.14
2025-03-24,MSFT,395.4,395.4,389.81,393.08,21004500,0.47
2025-03-25,MSFT,393.92,396.36,392.64,395.16,15775000,0.53
2025-03-26,MSFT,395.0,395.31,388.57,389.97,16108400,-1.31
2025-03-27,MSFT,390.13,392.24,387.4,390.58,13766800,0.16
2025-03-28,MSFT,388.08,389.13,376.93,378.8,21632000,-3.02
2025-03-31,MSFT,372.54,377.07,367.24,375.39,35184700,-0.9
2025-04-01,MSFT,374.65,382.85,373.23,382.19,19689500,1.81
2025-04-02,MSFT,377.97,385.08,376.62,382.14,16092600,-0.01
2025-04-03,MSFT,374.79,377.48,369.35,373.11,30198000,-2.36
2025-04-04,MSFT,364.13,374.59,359.48,359.84,49209900,-3.56
2025-04-07,MSFT,350.88,371.0,344.79,357.86,50425000,-0.55
2025-04-08,MSFT,368.26,373.65,350.25,354.56,35868900,-0.92
2025-04-09,MSFT,353.54,393.23,353.1,390.49,50199700,10.13
2025-04-10,MSFT,382.06,383.9,367.8,381.35,38024400,-2.34
2025-04-11,MSFT,380.64,390.05,378.89,388.45,23839200,1.86
2025-04-14,MSFT,393.22,394.65,384.21,387.81,19251200,-0.16
2025-04-15,MSFT,388.51,391.89,384.16,385.73,17199900,-0.54
2025-04-16,MSFT,380.67,381.61,368.0,371.61,21967800,-3.66
2025-04-17,MSFT,373.75,374.32,366.89,367.78,21120200,-1.03
2025-04-21,MSFT,362.82,364.48,355.67,359.12,20807300,-2.35
2025-04-22,MSFT,363.38,367.77,359.86,366.82,19485000,2.14
2025-04-23,MSFT,376.06,380.39,373.02,374.39,20545500,2.06
2025-04-24,MSFT,375.7,388.45,375.19,387.3,22232300,3.45
2025-04-25,MSFT,387.0,392.16,384.6,391.85,18973200,1.17
2025-04-28,MSFT,391.96,392.74,386.64,391.16,16579400,-0.18
2025-04-29,MSFT,391.3,395.1,390.38,394.04,14974000,0.74
2025-04-30,MSFT,390.3,396.66,384.44,395.26,36461100,0.31
2025-05-01,MSFT,431.11,436.99,424.9,425.4,58938100,7.63
2025-05-02,MSFT,431.74,439.44,429.99,435.28,30757400,2.32
2025-05-05,MSFT,432.87,439.5,432.11,436.17,20136100,0.2
2025-05-06,MSFT,432.2,437.73,431.17,433.31,15104200,-0.66
2025-05-07,MSFT,433.84,438.12,431.11,433.35,23295300,0.01
2025-05-08,MSFT,437.93,443.67,435.66,438.17,23491300,1.11
2025-05-09,MSFT,440.0,440.74,435.88,438.73,15324200,0.13
2025-05-12,MSFT,445.94,449.37,439.78,449.26,22821900,2.4
2025-05-13,MSFT,447.78,450.67,445.36,449.14,23618800,-0.03
2025-05-14,MSFT,448.14,453.9,448.14,452.94,19902800,0.85
2025-05-15,MSFT,450.77,456.19,450.43,453.13,21992300,0.04
2025-05-16,MSFT,452.05,454.36,448.73,454.27,23849800,0.25
2025-05-19,MSFT,450.88,459.59,450.8,458.87,21336500,1.01
2025-05-20,MSFT,455.59,458.34,454.32,458.17,15441800,-0.15
2025-05-21,MSFT,454.57,457.78,451.81,452.57,19216900,-1.22
2025-05-22,MSFT,454.95,460.25,453.9,454.86,18025600,0.51
2025-05-23,MSFT,449.98,453.69,448.91,450.18,16883500,-1.03
2025-05-27,MSFT,456.48,460.95,456.12,460.69,20974300,2.33
2025-05-28,MSFT,461.22,462.52,456.93,457.36,17086300,-0.72
2025-05-29,MSFT,461.55,461.72,455.31,458.68,13974800,0.29
2025-05-30,MSFT,459.72,461.68,455.54,460.36,34770500,0.37
2025-06-02,MSFT,457.14,462.11,456.89,461.97,16626500,0.35
2025-06-03,MSFT,461.47,464.14,460.86,462.97,15743800,0.22
2025-06-04,MSFT,464.0,465.69,463.02,463.87,14162700,0.19
2025-06-05,MSFT,464.96,469.65,464.03,467.68,20131700,0.82
2025-06-06,MSFT,470.09,473.34,468.78,470.38,15285600,0.58
2025-06-09,MSFT,469.7,473.43,468.62,472.75,16469900,0.5
2025-06-10,MSFT,471.19,472.8,466.96,470.92,15375900,-0.39
2025-06-11,MSFT,470.02,475.47,469.66,472.62,16399200,0.36
2025-06-12,MSFT,475.02,480.42,473.52,478.87,18950600,1.32
2025-06-13,MSFT,476.41,479.18,472.76,474.96,16814500,-0.82
2025-06-16,MSFT,475.21,480.69,475.0,479.14,15626100,0.88
2025-06-17,MSFT,475.4,478.74,474.08,478.04,15414100,-0.23
2025-06-18,MSFT,478.0,481.0,474.46,480.24,17526500,0.46
2025-06-20,MSFT,482.23,483.46,476.87,477.4,37576200,-0.59
2025-06-23,MSFT,478.21,487.75,472.51,486.0,24864000,1.8
2025-06-24,MSFT,488.95,491.85,486.8,490.11,22305600,0.85
2025-06-25,MSFT,492.04,494.56,489.39,492.27,17495100,0.44
2025-06-26,MSFT,492.98,498.04,492.81,497.45,21578900,1.05
2025-06-27,MSFT,497.55,499.3,493.03,495.94,34539200,-0.3
2025-06-30,MSFT,497.04,500.76,495.33,497.41,28369000,0.3
2025-07-01,MSFT,496.47,498.05,490.98,492.05,19945400,-1.08
2025-07-02,MSFT,489.99,493.5,488.7,491.09,16319600,-0.2
2025-07-03,MSFT,493.81,500.13,493.44,498.84,13984800,1.58
2025-07-07,MSFT,497.38,498.75,495.23,497.72,13981600,-0.22
2025-07-08,MSFT,497.24,498.2,494.11,496.62,11846600,-0.22
2025-07-09,MSFT,500.3,506.78,499.74,503.51,18659500,1.39
2025-07-10,MSFT,503.05,504.44,497.75,501.48,16492100,-0.4
2025-07-11,MSFT,498.47,505.03,497.8,503.32,16459500,0.37
2025-07-14,MSFT,501.52,503.97,501.03,503.02,12058800,-0.06
2025-07-15,MSFT,503.02,508.3,502.79,505.82,14927200,0.56
2025-07-16,MSFT,505.18,506.72,501.89,505.62,15154400,-0.04
2025-07-17,MSFT,505.68,513.37,505.62,511.7,17503100,1.2
2025-07-18,MSFT,514.48,514.64,507.43,510.05,21209700,-0.32
2025-07-21,MSFT,506.71,512.09,505.55,510.06,14066800,0.0
2025-07-22,MSFT,510.97,511.2,505.27,505.27,13868600,-0.94
2025-07-23,MSFT,506.75,506.79,500.7,505.87,16396600,0.12
2025-07-24,MSFT,508.77,513.67,507.3,510.88,16107000,0.99
2025-07-25,MSFT,512.47,518.29,510.36,513.71,19125700,0.55
2025-07-28,MSFT,514.08,515.0,510.12,512.5,14308000,-0.24
2025-07-29,MSFT,515.53,517.62,511.56,512.57,16469200,0.01
2025-07-30,MSFT,515.17,515.95,509.44,513.24,26380400,0.13
2025-07-31,MSFT,555.23,555.45,531.9,533.5,51617300,3.95
2025-08-01,MSFT,535.0,535.8,520.86,524.11,28977600,-1.76
2025-08-04,MSFT,528.27,538.25,528.13,535.64,25349000,2.2
2025-08-05,MSFT,537.18,537.3,527.24,527.75,19171600,-1.47
2025-08-06,MSFT,530.9,531.7,524.03,524.94,21355700,-0.53
2025-08-07,MSFT,526.8,528.09,517.55,520.84,16079100,-0.78
2025-08-08,MSFT,522.6,524.66,519.41,522.04,15531000,0.23
2025-08-11,MSFT,522.3,527.59,519.72,521.77,20194400,-0.05
2025-08-12,MSFT,523.75,530.98,522.7,529.24,18667000,1.43
2025-08-13,MSFT,532.11,532.7,519.37,520.58,19619200,-1.64
2025-08-14,MSFT,522.56,525.95,520.14,522.48,20269100,0.36
2025-08-15,MSFT,522.77,526.1,519.08,520.17,25213300,-0.44
2025-08-18,MSFT,521.59,522.82,514.02,517.1,23760600,-0.59
2025-08-19,MSFT,515.0,515.16,508.55,509.77,21481000,-1.42
2025-08-20,MSFT,509.87,511.0,504.44,505.72,27723000,-0.79
2025-08-21,MSFT,503.69,507.63,502.72,504.24,18443300,-0.29
2025-08-22,MSFT,504.25,510.73,502.41,507.23,24324200,0.59
2025-08-25,MSFT,506.63,508.19,504.12,504.26,21638600,-0.59
2025-08-26,MSFT,504.36,504.98,498.51,502.04,30835700,-0.44
2025-08-27,MSFT,502.0,507.29,499.9,506.74,17277900,0.94
2025-08-28,MSFT,507.09,511.09,505.5,509.64,18015600,0.57
2025-08-29,MSFT,508.66,509.6,504.49,506.69,20961600,-0.58
2025-09-02,MSFT,500.47,506.0,496.81,505.12,18128000,-0.31
2025-09-03,MSFT,503.79,507.79,502.32,505.35,16345100,0.05
2025-09-04,MSFT,504.3,508.15,503.15,507.97,15509500,0.52
2025-09-05,MSFT,509.07,511.97,492.37,495.0,31994800,-2.55
2025-09-08,MSFT,498.11,501.2,495.03,498.2,16771000,0.65
2025-09-09,MSFT,501.43,502.25,497.7,498.41,14410500,0.04
2025-09-10,MSFT,502.98,503.23,496.72,500.37,21611800,0.39
2025-09-11,MSFT,502.25,503.17,497.88,501.01,18881600,0.13
2025-09-12,MSFT,506.65,512.55,503.85,509.9,23624900,1.77
2025-09-15,MSFT,508.79,515.47,507.0,515.36,17143800,1.07
2025-09-16,MSFT,516.88,517.23,508.6,509.04,19711900,-1.23
2025-09-17,MSFT,510.62,511.29,505.93,510.02,15816600,0.19
2025-09-18,MSFT,511.49,513.07,507.66,508.45,18913700,-0.31
2025-09-19,MSFT,510.56,519.3,510.31,517.93,52474100,1.86
2025-09-22,MSFT,515.59,517.74,512.54,514.45,20009300,-0.67
2025-09-23,MSFT,513.8,514.59,507.31,509.23,19799600,-1.01
2025-09-24,MSFT,510.38,512.48,506.92,510.15,13533700,0.18
2025-09-25,MSFT,508.3,510.01,505.04,507.03,15786500,-0.61
2025-09-26,MSFT,510.06,513.94,506.62,511.46,16213100,0.87
2025-09-29,MSFT,511.5,516.85,508.88,514.6,17617800,0.61
2025-09-30,MSFT,513.24,518.16,509.66,517.95,19728200,0.65
2025-10-01,MSFT,514.8,520.51,511.69,519.71,22632300,0.34
2025-10-02,MSFT,517.64,521.6,510.68,515.74,21222900,-0.76
2025-10-03,MSFT,517.1,520.49,515.0,517.35,15112300,0.31
2025-10-06,MSFT,518.61,531.03,518.2,528.57,21388600,2.17
2025-10-07,MSFT,528.29,529.8,521.44,523.98,14615200,-0.87
2025-10-08,MSFT,523.28,526.95,523.09,524.85,13363400,0.17
2025-10-09,MSFT,522.34,524.33,517.4,522.4,18343600,-0.47
2025-10-10,MSFT,519.64,523.58,509.63,510.96,24133800,-2.19
2025-10-13,MSFT,516.41,516.41,511.68,514.05,14284200,0.6
2025-10-14,MSFT,510.23,515.28,506.0,513.57,14684300,-0.09
2025-10-15,MSFT,514.96,517.19,510.0,513.43,14694700,-0.03
2025-10-16,MSFT,512.58,516.85,508.13,511.61,15559600,-0.35
2025-10-17,MSFT,509.04,515.48,507.31,513.58,19867800,0.39
2025-10-20,MSFT,514.61,518.7,513.43,516.79,14665600,0.63
2025-10-21,MSFT,517.5,518.69,513.04,517.66,15586200,0.17
2025-10-22,MSFT,521.15,525.23,517.71,520.54,18962700,0.56
2025-10-23,MSFT,522.46,523.95,518.61,520.56,14023500,0.0
2025-10-24,MSFT,522.79,525.35,520.71,523.61,15532400,0.59
2025-10-27,MSFT,531.78,534.58,529.01,531.52,18734700,1.51
2025-10-28,MSFT,550.0,553.72,540.77,542.07,29986700,1.98
2025-10-29,MSFT,544.94,546.27,536.73,541.55,36023000,-0.1
2025-10-30,MSFT,530.48,534.97,522.12,525.76,41023100,-2.92
2025-10-31,MSFT,528.88,529.32,515.1,517.81,34006400,-1.51
2025-11-03,MSFT,519.81,524.96,514.59,517.03,22374700,-0.15
2025-11-04,MSFT,511.76,515.55,507.84,514.33,20958700,-0.52
2025-11-05,MSFT,513.3,514.83,506.58,507.16,23024300,-1.39
2025-11-06,MSFT,505.66,505.7,495.81,497.1,27406500,-1.98
2025-11-07,MSFT,496.95,499.38,493.25,496.82,24019800,-0.06
2025-11-10,MSFT,500.04,506.85,498.8,506.0,26101500,1.85
2025-11-11,MSFT,504.8,509.6,502.35,508.68,17980000,0.53
2025-11-12,MSFT,509.36,511.67,499.12,511.14,26574900,0.48
2025-11-13,MSFT,510.31,513.5,501.29,503.29,25273100,-1.54
2025-11-14,MSFT,498.23,511.6,497.44,510.18,28505700,1.37
2025-11-17,MSFT,508.45,512.12,504.91,507.49,19092800,-0.53
2025-11-18,MSFT,495.37,502.98,486.78,493.79,33815100,-2.7
2025-11-19,MSFT,490.1,495.19,482.83,487.12,23245300,-1.35
2025-11-20,MSFT,492.71,493.57,475.5,478.43,26802500,-1.78
2025-11-21,MSFT,478.5,478.92,468.27,472.12,31769200,-1.32
2025-11-24,MSFT,475.0,476.9,468.02,474.0,34421000,0.4
2025-11-25,MSFT,474.07,479.15,464.89,476.99,28019800,0.63
2025-11-26,MSFT,486.31,488.31,481.2,485.5,25709100,1.78
2025-11-28,MSFT,487.6,492.63,486.65,492.01,14386700,1.34
2025-12-01,MSFT,488.44,489.86,484.65,486.74,23964000,-1.07
2025-12-02,MSFT,486.72,493.5,486.32,490.0,19562700,0.67
2025-12-03,MSFT,476.32,484.24,475.2,477.73,34615100,-2.5
2025-12-04,MSFT,479.76,481.32,476.49,480.84,22318200,0.65
2025-12-05,MSFT,482.52,483.4,478.88,483.16,22608700,0.48
2025-12-08,MSFT,484.89,492.3,484.38,491.02,21965900,1.63
2025-12-09,MSFT,489.1,492.12,488.5,492.02,14696100,0.2
2025-12-10,MSFT,484.03,484.25,475.08,478.56,35756200,-2.74
2025-12-11,MSFT,476.63,486.03,475.86,483.47,24669200,1.03
2025-12-12,MSFT,479.82,482.45,476.34,478.53,21248100,-1.02
2025-12-15,MSFT,480.1,480.72,472.52,474.82,23727700,-0.78
2025-12-16,MSFT,471.91,477.89,470.88,476.39,20705600,0.33
2025-12-17,MSFT,476.91,480.0,475.0,476.12,24527200,-0.06
2025-12-18,MSFT,478.19,489.6,477.89,483.98,28573500,1.65
2025-12-19,MSFT,487.36,487.85,482.49,485.92,70836100,0.4
2025-12-22,MSFT,486.12,488.73,482.69,484.92,16963000,-0.21
2025-12-23,MSFT,484.98,487.83,484.74,486.85,14683600,0.4
2025-12-24,MSFT,485.68,489.16,484.83,488.02,5855900,0.24
2025-12-26,MSFT,486.71,488.12,485.96,487.71,8842200,-0.06
2025-12-29,MSFT,484.86,488.35,484.18,487.1,10893400,-0.13
2025-12-30,MSFT,485.93,489.68,485.5,487.48,13944500,0.08
2025-12-31,MSFT,487.84,488.14,483.3,483.62,15601600,-0.79
2026-01-02,MSFT,484.39,484.66,470.16,472.94,25571600,-2.21
2026-01-05,MSFT,474.06,476.07,469.5,472.85,25250300,-0.02
2026-01-06,MSFT,473.8,478.74,469.75,478.51,23037700,1.2
2026-01-07,MSFT,479.76,489.7,477.95,483.47,25564200,1.04
2026-01-08,MSFT,481.24,482.66,475.86,478.11,18162600,-1.11
2026-01-09,MSFT,474.06,479.82,472.2,479.28,18491000,0.24
2026-01-12,MSFT,476.67,480.99,475.68,477.18,23519900,-0.44
2026-01-13,MSFT,474.68,475.78,465.95,470.67,28545800,-1.36
2026-01-14,MSFT,466.46,468.2,457.17,459.38,28184300,-2.4
2026-01-15,MSFT,464.12,464.25,455.9,456.66,23225800,-0.59
2026-01-16,MSFT,457.83,463.19,456.48,459.86,34246700,0.7
2026-01-20,MSFT,451.22,456.8,449.28,454.52,26130000,-1.16
2026-01-21,MSFT,452.6,452.69,438.68,444.11,37980500,-2.29
2026-01-22,MSFT,447.62,452.84,444.7,451.14,25349400,1.58
2026-01-23,MSFT,451.87,471.1,450.53,465.95,38000200,3.28
2026-01-26,MSFT,465.31,474.25,462.0,470.28,29291200,0.93
2026-01-27,MSFT,473.7,482.87,473.16,480.58,29213900,2.19
2026-01-28,MSFT,483.21,483.74,478.0,481.63,36875400,0.22
2026-01-29,MSFT,439.99,442.5,421.02,433.5,128855300,-9.99
2026-01-30,MSFT,439.17,439.6,426.45,430.29,58566800,-0.74
2026-02-02,MSFT,430.24,430.74,422.25,423.37,42219900,-1.61
2026-02-03,MSFT,422.01,422.05,408.56,411.21,61424100,-2.87
2026-02-04,MSFT,411.0,419.8,409.24,414.19,45012400,0.72
2026-02-05,MSFT,407.44,408.3,392.32,393.67,66289200,-4.95
2026-02-06,MSFT,399.17,401.79,392.92,401.14,53515300,1.9
2026-02-09,MSFT,404.85,414.89,400.87,413.6,45480500,3.11
2026-02-10,MSFT,419.62,423.68,412.7,413.27,44857900,-0.08
2026-02-11,MSFT,416.18,416.46,401.01,404.37,42491000,-2.15
2026-02-12,MSFT,405.0,406.2,398.01,401.84,40802400,-0.63
2026-02-13,MSFT,404.45,405.54,398.05,401.32,34091600,-0.13
2026-02-17,MSFT,399.22,400.52,394.53,396.86,32078800,-1.11
2026-02-18,MSFT,398.13,402.56,396.32,399.6,23223400,0.69
2026-02-19,MSFT,400.69,404.43,396.67,398.46,28234000,-0.29
2026-02-20,MSFT,396.11,400.12,395.16,397.23,34015200,-0.31
2026-02-23,MSFT,395.0,395.36,383.1,384.47,43238300,-3.21
2026-02-24,MSFT,384.14,389.36,381.71,389.0,33884700,1.18
2026-02-25,MSFT,390.53,401.47,390.16,400.6,43625500,2.98
2026-02-26,MSFT,404.71,407.49,398.74,401.72,34405900,0.28
2026-02-27,MSFT,390.88,396.82,389.88,392.74,51276300,-2.24
2025-01-02,NVDA,136.0,138.88,134.63,138.31,198247200,
2025-01-03,NVDA,140.01,144.9,139.73,144.47,229322500,4.45
2025-01-06,NVDA,148.59,152.16,147.82,149.43,265377400,3.43
2025-01-07,NVDA,153.03,153.13,140.01,140.14,351782200,-6.22
2025-01-08,NVDA,142.58,143.95,137.56,140.11,227349900,-0.02
2025-01-10,NVDA,137.45,139.92,134.22,135.91,207602500,-3.0
2025-01-13,NVDA,129.99,133.49,129.51,133.23,204808900,-1.97
2025-01-14,NVDA,136.05,136.38,130.05,131.76,195590500,-1.1
2025-01-15,NVDA,133.65,136.45,131.29,136.24,185217300,3.4
2025-01-16,NVDA,138.64,138.75,133.49,133.57,209235600,-1.96
2025-01-17,NVDA,136.69,138.5,135.46,137.71,201188800,3.1
2025-01-21,NVDA,139.16,141.83,137.09,140.83,197749000,2.27
2025-01-22,NVDA,144.66,147.79,143.67,147.07,237651400,4.43
2025-01-23,NVDA,145.05,147.23,143.72,147.22,155915500,0.1
2025-01-24,NVDA,148.37,148.97,141.88,142.62,234657600,-3.12
2025-01-27,NVDA,124.8,128.4,116.7,118.42,818830900,-16.97
2025-01-28,NVDA,121.81,129.0,116.25,128.99,579666400,8.93
2025-01-29,NVDA,126.5,126.89,120.05,123.7,467120600,-4.1
2025-01-30,NVDA,123.1,125.0,118.1,124.65,392925500,0.77
2025-01-31,NVDA,123.78,127.85,119.19,120.07,388161100,-3.67
2025-02-03,NVDA,114.75,118.57,113.01,116.66,371235700,-2.84
2025-02-04,NVDA,116.96,121.2,116.7,118.65,256550000,1.71
2025-02-05,NVDA,121.76,125.0,120.76,124.83,262230800,5.21
2025-02-06,NVDA,127.42,128.77,125.21,128.68,251483600,3.08
2025-02-07,NVDA,129.22,130.37,125.0,129.84,228186300,0.9
2025-02-10,NVDA,130.09,135.0,129.96,133.57,216989100,2.87
2025-02-11,NVDA,132.58,134.48,131.02,132.8,178902400,-0.58
2025-02-12,NVDA,130.02,132.24,129.08,131.14,160278600,-1.25
2025-02-13,NVDA,131.56,136.5,131.17,135.29,197430000,3.16
2025-02-14,NVDA,136.48,139.25,135.5,138.85,195479600,2.63
2025-02-18,NVDA,141.27,143.44,137.93,139.4,219176600,0.4
2025-02-19,NVDA,139.51,141.36,137.22,139.23,167536000,-0.12
2025-02-20,NVDA,140.03,140.66,136.79,140.11,143903600,0.63
2025-02-21,NVDA,140.04,141.46,134.03,134.43,228217600,-4.05
2025-02-24,NVDA,136.56,138.59,130.08,130.28,251381100,-3.09
2025-02-25,NVDA,129.98,130.2,124.44,126.63,271428700,-2.8
2025-02-26,NVDA,129.99,133.73,128.49,131.28,322553800,3.67
2025-02-27,NVDA,135.0,135.01,120.01,120.15,443175800,-8.48
2025-02-28,NVDA,118.02,125.09,116.4,124.92,389091100,3.97
2025-03-03,NVDA,123.51,123.7,112.28,114.06,411381400,-8.69
2025-03-04,NVDA,110.65,119.31,110.11,115.99,398163300,1.69
2025-03-05,NVDA,117.58,118.28,114.51,117.3,284337900,1.13
2025-03-06,NVDA,113.53,115.35,110.22,110.57,321181900,-5.74
2025-03-07,NVDA,111.25,113.48,107.56,112.69,341755500,1.92
2025-03-10,NVDA,109.9,111.85,105.46,106.98,366487400,-5.07
2025-03-11,NVDA,106.99,112.24,104.77,108.76,354865700,1.66
2025-03-12,NVDA,114.12,116.76,112.88,115.74,323857500,6.42
2025-03-13,NVDA,117.03,117.76,113.79,115.58,299033100,-0.14
2025-03-14,NVDA,118.61,121.88,118.15,121.67,277593500,5.27
2025-03-17,NVDA,122.74,122.89,118.03,119.53,255501500,-1.76
2025-03-18,NVDA,118.0,119.02,114.54,115.43,299686900,-3.43
2025-03-19,NVDA,117.27,120.45,115.68,117.52,273426200,1.81
2025-03-20,NVDA,116.55,120.2,116.47,118.53,248829700,0.86
2025-03-21,NVDA,116.94,117.99,115.42,117.7,266498500,-0.7
2025-03-24,NVDA,119.88,122.22,119.34,121.41,228452500,3.15
2025-03-25,NVDA,120.55,121.29,118.92,120.69,167447200,-0.59
2025-03-26,NVDA,118.73,118.84,112.71,113.76,293463300,-5.74
2025-03-27,NVDA,111.35,114.45,110.66,111.43,236902100,-2.05
2025-03-28,NVDA,111.49,112.87,109.07,109.67,229872500,-1.58
2025-03-31,NVDA,105.13,110.96,103.65,108.38,299212700,-1.18
2025-04-01,NVDA,108.52,110.2,106.47,110.15,222614000,1.63
2025-04-02,NVDA,107.29,111.98,106.79,110.42,220601200,0.25
2025-04-03,NVDA,103.51,105.63,101.6,101.8,338769400,-7.81
2025-04-04,NVDA,98.91,100.13,92.11,94.31,532273800,-7.36
2025-04-07,NVDA,87.46,101.75,86.62,97.64,611041300,3.53
2025-04-08,NVDA,103.81,105.85,94.46,96.3,476243400,-1.37
2025-04-09,NVDA,98.89,115.1,97.53,114.33,612918300,18.72
2025-04-10,NVDA,109.37,110.86,99.15,107.57,437812400,-5.91
2025-04-11,NVDA,108.5,111.55,107.48,110.93,313417300,3.12
2025-04-14,NVDA,114.11,114.29,109.07,110.71,264705000,-0.2
2025-04-15,NVDA,110.97,113.62,110.5,112.2,228966900,1.35
2025-04-16,NVDA,104.55,106.79,100.45,104.49,397016900,-6.87
2025-04-17,NVDA,104.45,104.47,100.05,101.49,292517500,-2.87
2025-04-21,NVDA,98.77,99.44,95.04,96.91,288501100,-4.51
2025-04-22,NVDA,98.78,99.81,97.28,98.89,241004800,2.04
2025-04-23,NVDA,104.52,104.8,102.02,102.71,247526000,3.86
2025-04-24,NVDA,103.48,106.54,103.11,106.43,220815000,3.62
2025-04-25,NVDA,106.85,111.92,105.73,111.01,251064700,4.3
2025-04-28,NVDA,109.69,110.37,106.02,108.73,207708500,-2.05
2025-04-29,NVDA,107.67,110.2,107.44,109.02,170444300,0.27
2025-04-30,NVDA,104.47,108.92,104.08,108.92,235044600,-0.09
2025-05-01,NVDA,113.08,114.94,111.3,111.61,236121500,2.47
2025-05-02,NVDA,114.18,115.4,113.37,114.5,190194800,2.59
2025-05-05,NVDA,112.91,114.67,112.66,113.82,133163200,-0.59
2025-05-06,NVDA,111.48,114.74,110.82,113.54,158525600,-0.25
2025-05-07,NVDA,113.05,117.68,112.28,117.06,206758800,3.1
2025-05-08,NVDA,118.25,118.68,115.85,117.37,198428100,0.26
2025-05-09,NVDA,117.35,118.23,115.21,116.65,132972200,-0.61
2025-05-12,NVDA,121.97,123.0,120.28,123.0,225023300,5.44
2025-05-13,NVDA,124.98,131.22,124.47,129.93,330430100,5.63
2025-05-14,NVDA,133.2,135.44,131.68,135.34,281180800,4.16
2025-05-15,NVDA,134.29,136.3,132.66,134.83,226632600,-0.38
2025-05-16,NVDA,136.22,136.35,133.46,135.4,226542500,0.42
2025-05-19,NVDA,132.39,135.87,132.39,135.57,193154600,0.13
2025-05-20,NVDA,134.29,134.58,132.62,134.38,161514200,-0.88
2025-05-21,NVDA,133.06,137.4,130.59,131.8,270608700,-1.92
2025-05-22,NVDA,132.23,134.25,131.55,132.83,187344000,0.78
2025-05-23,NVDA,130.0,132.68,129.16,131.29,198821300,-1.16
2025-05-27,NVDA,134.15,135.66,133.31,135.5,192953600,3.21
2025-05-28,NVDA,136.03,137.25,134.79,134.81,304021100,-0.51
2025-05-29,NVDA,142.25,143.49,137.91,139.19,369241900,3.25
2025-05-30,NVDA,138.72,139.62,132.92,135.13,333170900,-2.92
2025-06-02,NVDA,135.49,138.12,135.4,137.38,197663100,1.67
2025-06-03,NVDA,138.78,142.0,137.95,141.22,225578800,2.8
2025-06-04,NVDA,142.19,142.39,139.54,141.92,167120800,0.5
2025-06-05,NVDA,142.17,144.0,138.83,139.99,231397900,-1.36
2025-06-06,NVDA,142.51,143.27,141.51,141.72,153986200,1.24
2025-06-09,NVDA,143.19,145.0,141.94,142.63,185114500,0.64
2025-06-10,NVDA,142.69,144.29,141.53,143.96,155881900,0.93
2025-06-11,NVDA,144.61,144.99,141.87,142.83,167694000,-0.78
2025-06-12,NVDA,141.97,145.0,141.85,145.0,162365000,1.52
2025-06-13,NVDA,142.48,143.58,140.85,141.97,180820600,-2.09
2025-06-16,NVDA,143.35,146.18,143.2,144.69,183133700,1.92
2025-06-17,NVDA,144.49,145.22,143.78,144.12,139108000,-0.39
2025-06-18,NVDA,144.01,145.65,143.12,145.48,161494100,0.94
2025-06-20,NVDA,145.45,146.2,142.65,143.85,242956200,-1.12
2025-06-23,NVDA,142.5,144.78,142.03,144.17,154308900,0.22
2025-06-24,NVDA,145.56,147.96,145.5,147.9,187566100,2.59
2025-06-25,NVDA,149.27,154.45,149.26,154.31,269146500,4.33
2025-06-26,NVDA,155.98,156.72,154.0,155.02,198145700,0.46
2025-06-27,NVDA,156.04,158.71,155.26,157.75,263234500,1.76
2025-06-30,NVDA,158.4,158.66,155.96,157.99,194580300,0.15
2025-07-01,NVDA,156.29,157.2,151.49,153.3,213143600,-2.97
2025-07-02,NVDA,152.98,157.6,152.97,157.25,171224100,2.58
2025-07-03,NVDA,158.37,160.98,157.77,159.34,143716100,1.33
2025-07-07,NVDA,158.2,159.31,157.34,158.24,140139000,-0.69
2025-07-08,NVDA,159.33,160.22,158.39,160.0,138133000,1.11
2025-07-09,NVDA,161.22,164.42,161.16,162.88,183656400,1.8
2025-07-10,NVDA,164.32,164.5,161.61,164.1,167704100,0.75
2025-07-11,NVDA,163.72,167.89,163.47,164.92,193633300,0.5
2025-07-14,NVDA,165.37,165.49,162.02,164.07,136975800,-0.52
2025-07-15,NVDA,171.19,172.4,169.2,170.7,230627400,4.04
2025-07-16,NVDA,171.06,171.75,168.9,171.37,158831500,0.39
2025-07-17,NVDA,172.02,174.16,170.83,173.0,160841100,0.95
2025-07-18,NVDA,173.64,174.25,171.26,172.41,146456400,-0.34
2025-07-21,NVDA,172.75,173.38,171.0,171.38,123126100,-0.6
2025-07-22,NVDA,171.34,171.39,164.58,167.03,193114300,-2.54
2025-07-23,NVDA,169.53,171.26,167.97,170.78,154082200,2.25
2025-07-24,NVDA,172.44,173.83,171.3,173.74,128984600,1.73
2025-07-25,NVDA,173.61,174.72,172.96,173.5,122316800,-0.14
2025-07-28,NVDA,174.02,177.0,173.97,176.75,140023500,1.87
2025-07-29,NVDA,177.96,179.38,175.02,175.51,154077500,-0.7
2025-07-30,NVDA,176.51,179.89,176.04,179.27,174312200,2.14
2025-07-31,NVDA,182.9,183.3,175.93,177.87,221685400,-0.78
2025-08-01,NVDA,174.09,176.54,170.89,173.72,204529000,-2.33
2025-08-04,NVDA,175.16,180.2,174.52,180.0,148174600,3.62
2025-08-05,NVDA,179.62,180.26,175.9,178.26,156407600,-0.97
2025-08-06,NVDA,176.33,179.9,176.25,179.42,137192300,0.65
2025-08-07,NVDA,181.57,183.88,178.8,180.77,151878400,0.75
2025-08-08,NVDA,181.55,183.3,180.4,182.7,123396700,1.07
2025-08-11,NVDA,182.05,183.84,180.25,182.06,138323200,-0.35
2025-08-12,NVDA,182.96,184.48,179.46,183.16,145485700,0.6
2025-08-13,NVDA,182.62,183.97,179.35,181.59,179871700,-0.86
2025-08-14,NVDA,179.75,183.02,179.46,182.02,129554000,0.24
2025-08-15,NVDA,181.88,181.9,178.04,180.45,156602200,-0.86
2025-08-18,NVDA,180.6,182.94,180.59,182.01,132008000,0.86
2025-08-19,NVDA,182.43,182.5,175.49,175.64,185229200,-3.5
2025-08-20,NVDA,175.17,176.0,168.8,175.4,215142700,-0.14
2025-08-21,NVDA,174.85,176.9,173.81,174.98,140040900,-0.24
2025-08-22,NVDA,172.61,178.59,171.2,177.99,172789400,1.72
2025-08-25,NVDA,178.35,181.91,176.57,179.81,163012800,1.02
2025-08-26,NVDA,180.06,182.39,178.81,181.77,168688200,1.09
2025-08-27,NVDA,181.98,182.49,179.1,181.6,235518900,-0.09
2025-08-28,NVDA,180.82,184.47,176.41,180.17,281787800,-0.79
2025-08-29,NVDA,178.11,178.15,173.15,174.18,243257900,-3.32
2025-09-02,NVDA,170.0,172.38,167.22,170.78,231164900,-1.95
2025-09-03,NVDA,171.06,172.41,168.88,170.62,164424900,-0.09
2025-09-04,NVDA,170.57,171.86,169.41,171.66,141670100,0.61
2025-09-05,NVDA,168.03,169.03,164.07,167.02,224441400,-2.7
2025-09-08,NVDA,167.55,170.96,167.35,168.31,163769100,0.77
2025-09-09,NVDA,169.09,170.98,166.74,170.76,157548400,1.46
2025-09-10,NVDA,176.64,179.29,175.47,177.33,226852000,3.85
2025-09-11,NVDA,179.68,180.28,176.48,177.17,151159300,-0.09
2025-09-12,NVDA,177.77,178.6,176.45,177.82,124911000,0.37
2025-09-15,NVDA,175.67,178.85,174.51,177.75,147061600,-0.04
2025-09-16,NVDA,177.0,177.5,174.38,174.88,140737800,-1.61
2025-09-17,NVDA,172.64,173.2,168.41,170.29,211843800,-2.62
2025-09-18,NVDA,173.98,177.1,172.96,176.24,191763300,3.49
2025-09-19,NVDA,175.77,178.08,175.18,176.67,237182100,0.24
2025-09-22,NVDA,175.3,184.55,174.71,183.61,269637000,3.93
2025-09-23,NVDA,181.97,182.42,176.21,178.43,192559600,-2.82
2025-09-24,NVDA,179.77,179.78,175.4,176.97,143564100,-0.82
2025-09-25,NVDA,174.48,180.26,173.13,177.69,191586700,0.41
2025-09-26,NVDA,178.17,179.77,174.93,178.19,148573700,0.28
2025-09-29,NVDA,180.43,184.0,180.32,181.85,193063500,2.05
2025-09-30,NVDA,182.08,187.35,181.48,186.58,236981000,2.6
2025-10-01,NVDA,185.24,188.14,183.9,187.24,173844900,0.35
2025-10-02,NVDA,189.6,191.05,188.06,188.89,136805800,0.88
2025-10-03,NVDA,189.19,190.36,185.38,187.62,137596900,-0.67
2025-10-06,NVDA,185.5,187.23,183.33,185.54,157678100,-1.11
2025-10-07,NVDA,186.23,189.06,184.0,185.04,140088000,-0.27
2025-10-08,NVDA,186.57,189.6,186.54,189.11,130168900,2.2
2025-10-09,NVDA,192.23,195.3,191.06,192.57,182997200,1.83
2025-10-10,NVDA,193.51,195.62,182.05,183.16,268774400,-4.89
2025-10-13,NVDA,187.97,190.11,185.96,188.32,153482800,2.82
2025-10-14,NVDA,184.77,184.8,179.7,180.03,205641400,-4.4
2025-10-15,NVDA,184.8,184.87,177.29,179.83,214450500,-0.11
2025-10-16,NVDA,182.23,183.28,179.77,181.81,179723300,1.1
2025-10-17,NVDA,180.18,184.1,179.75,183.22,173135200,0.78
2025-10-20,NVDA,183.13,185.2,181.73,182.64,128544700,-0.32
2025-10-21,NVDA,182.79,182.79,179.8,181.16,124240200,-0.81
2025-10-22,NVDA,181.14,183.44,176.76,180.28,162249600,-0.49
2025-10-23,NVDA,180.42,183.03,179.79,182.16,111363700,1.04
2025-10-24,NVDA,183.84,187.47,183.5,186.26,131296700,2.25
2025-10-27,NVDA,189.99,192.0,188.43,191.49,153452700,2.81
2025-10-28,NVDA,193.05,203.15,191.91,201.03,297986200,4.98
2025-10-29,NVDA,207.98,212.19,204.78,207.04,308829600,2.99
2025-10-30,NVDA,205.15,206.16,201.41,202.89,178864400,-2.0
2025-10-31,NVDA,206.45,207.97,202.07,202.49,179802200,-0.2
2025-11-03,NVDA,208.08,211.34,205.56,206.88,180267300,2.17
2025-11-04,NVDA,203.0,203.97,197.93,198.69,188919300,-3.96
2025-11-05,NVDA,198.77,202.92,194.65,195.21,171350300,-1.75
2025-11-06,NVDA,196.42,197.62,186.38,188.08,223029800,-3.65
2025-11-07,NVDA,184.9,188.32,178.91,188.15,264942300,0.04
2025-11-10,NVDA,195.11,199.94,193.79,199.05,198897100,5.79
2025-11-11,NVDA,195.16,195.42,191.3,193.16,176483300,-2.96
2025-11-12,NVDA,195.72,195.89,191.13,193.8,154935300,0.33
2025-11-13,NVDA,191.05,191.44,183.85,186.86,207423100,-3.58
2025-11-14,NVDA,182.86,191.01,180.58,190.17,186591900,1.77
2025-11-17,NVDA,185.97,189.0,184.32,186.6,173628900,-1.88
2025-11-18,NVDA,183.38,184.8,179.65,181.36,213598900,-2.81
2025-11-19,NVDA,184.79,187.86,182.83,186.52,247246400,2.85
2025-11-20,NVDA,195.95,196.0,179.85,180.64,343504800,-3.15
2025-11-21,NVDA,181.24,184.56,172.93,178.88,346926200,-0.97
2025-11-24,NVDA,179.49,183.5,176.48,182.55,256618300,2.05
2025-11-25,NVDA,174.91,178.16,169.55,177.82,320600300,-2.59
2025-11-26,NVDA,181.63,182.91,178.24,180.26,183852000,1.37
2025-11-28,NVDA,179.01,179.29,176.5,177.0,121332800,-1.81
2025-12-01,NVDA,174.76,180.3,173.68,179.92,188131000,1.65
2025-12-02,NVDA,181.76,185.66,180.0,181.46,182632200,0.86
2025-12-03,NVDA,181.08,182.45,179.11,179.59,165138000,-1.03
2025-12-04,NVDA,181.62,184.52,179.96,183.38,167364900,2.11
2025-12-05,NVDA,183.89,184.66,180.91,182.41,143971100,-0.53
2025-12-08,NVDA,182.64,188.0,182.4,185.55,204378100,1.72
2025-12-09,NVDA,185.56,185.72,183.32,184.97,144719700,-0.31
2025-12-10,NVDA,184.97,185.48,182.04,183.78,162785400,-0.64
2025-12-11,NVDA,180.28,181.32,176.62,180.93,182136600,-1.55
2025-12-12,NVDA,181.11,182.82,174.62,175.02,204274900,-3.27
2025-12-15,NVDA,177.94,178.42,175.03,176.29,164775600,0.73
2025-12-16,NVDA,176.26,178.49,174.9,177.72,148588100,0.81
2025-12-17,NVDA,176.1,176.13,170.31,170.94,222775500,-3.81
2025-12-18,NVDA,174.53,176.15,171.82,174.14,176096000,1.87
2025-12-19,NVDA,176.67,181.45,176.34,180.99,324925900,3.93
2025-12-22,NVDA,183.92,184.16,182.35,183.69,129064400,1.49
2025-12-23,NVDA,182.97,189.33,182.9,189.21,174873600,3.01
2025-12-24,NVDA,187.94,188.91,186.59,188.61,65528500,-0.32
2025-12-26,NVDA,189.92,192.69,188.0,190.53,139740300,1.02
2025-12-29,NVDA,187.71,188.76,185.91,188.22,120006100,-1.21
2025-12-30,NVDA,188.24,188.99,186.93,187.54,97687300,-0.36
2025-12-31,NVDA,189.57,190.56,186.49,186.5,120100500,-0.55
2026-01-02,NVDA,189.84,192.93,188.26,188.85,148240500,1.26
2026-01-05,NVDA,191.76,193.63,186.15,188.12,183529700,-0.39
2026-01-06,NVDA,190.52,192.17,186.82,187.24,176862600,-0.47
2026-01-07,NVDA,188.57,191.37,186.56,189.11,153543200,1.0
2026-01-08,NVDA,189.11,189.55,183.71,185.04,172457000,-2.15
2026-01-09,NVDA,185.08,186.34,183.67,184.86,131327500,-0.1
2026-01-12,NVDA,183.22,187.12,183.02,184.94,137968500,0.04
2026-01-13,NVDA,185.0,188.11,183.4,185.81,160128900,0.47
2026-01-14,NVDA,184.32,184.46,180.8,183.14,159586100,-1.44
2026-01-15,NVDA,186.5,189.7,186.33,187.05,206188600,2.13
2026-01-16,NVDA,189.08,190.44,186.08,186.23,187967200,-0.44
2026-01-20,NVDA,181.9,182.38,177.61,178.07,223345300,-4.38
2026-01-21,NVDA,179.05,185.38,178.4,183.32,200381000,2.95
2026-01-22,NVDA,184.75,186.17,183.93,184.84,139636600,0.83
2026-01-23,NVDA,187.5,189.6,186.82,187.67,142748100,1.53
2026-01-26,NVDA,187.16,189.12,185.99,186.47,124799600,-0.64
2026-01-27,NVDA,187.24,190.0,185.7,188.52,143711600,1.1
2026-01-28,NVDA,191.27,192.35,189.84,191.52,148552700,1.59
2026-01-29,NVDA,191.34,193.48,186.06,192.51,171764400,0.52
2026-01-30,NVDA,191.21,194.49,189.47,191.13,179489500,-0.72
2026-02-02,NVDA,187.2,190.3,184.88,185.61,165794100,-2.89
2026-02-03,NVDA,186.24,186.27,176.23,180.34,204019600,-2.84
2026-02-04,NVDA,179.46,179.58,171.91,174.19,207014100,-3.41
2026-02-05,NVDA,174.93,176.82,171.03,171.88,206312900,-1.33
2026-02-06,NVDA,176.69,187.0,174.6,185.41,231346200,7.87
2026-02-09,NVDA,184.26,193.66,183.95,190.04,196387400,2.5
2026-02-10,NVDA,191.38,192.48,188.12,188.54,136764800,-0.79
2026-02-11,NVDA,192.45,193.26,188.77,190.05,144192700,0.8
2026-02-12,NVDA,193.03,193.61,186.51,186.94,189932500,-1.64
2026-02-13,NVDA,187.48,187.5,181.59,182.81,161888000,-2.21
2026-02-17,NVDA,181.75,187.15,179.18,184.97,162276900,1.18
2026-02-18,NVDA,188.75,190.37,186.76,187.98,164749100,1.63
2026-02-19,NVDA,187.06,188.43,185.66,187.9,126554500,-0.04
2026-02-20,NVDA,186.57,190.33,185.94,189.82,178422300,1.02
2026-02-23,NVDA,191.4,193.95,189.58,191.55,171584800,0.91
2026-02-24,NVDA,191.49,193.77,187.4,192.85,175123600,0.68
2026-02-25,NVDA,194.45,197.63,193.79,195.56,250637100,1.41
2026-02-26,NVDA,194.27,194.29,184.32,184.89,360807900,-5.46
2026-02-27,NVDA,181.25,182.59,176.38,177.19,310523200,-4.16
2025-01-02,PLTR,76.2,76.53,72.42,75.19,72217200,
2025-01-03,PLTR,75.39,79.98,75.19,79.89,62415000,6.25
2025-01-06,PLTR,78.69,80.06,74.61,75.92,105619500,-4.97
2025-01-07,PLTR,75.2,75.39,69.75,69.99,91727300,-7.81
2025-01-08,PLTR,68.12,69.53,66.51,68.23,91349500,-2.51
2025-01-10,PLTR,66.01,68.2,65.04,67.26,78148600,-1.42
2025-01-13,PLTR,64.29,65.68,63.4,64.98,69046300,-3.39
2025-01-14,PLTR,67.18,68.23,65.19,65.91,56814900,1.43
2025-01-15,PLTR,68.55,68.85,67.08,68.14,56025800,3.38
2025-01-16,PLTR,69.08,71.43,68.36,69.24,62908700,1.61
2025-01-17,PLTR,70.9,72.34,69.95,71.77,54754000,3.65
2025-01-21,PLTR,73.24,73.64,70.6,73.07,56229000,1.81
2025-01-22,PLTR,74.5,77.16,73.8,76.87,66876400,5.2
2025-01-23,PLTR,76.04,79.0,75.84,78.98,55937900,2.74
2025-01-24,PLTR,79.05,82.24,78.44,78.98,77931900,0.0
2025-01-27,PLTR,74.07,76.72,72.67,75.44,76093300,-4.48
2025-01-28,PLTR,75.54,80.74,74.04,80.23,65916700,6.35
2025-01-29,PLTR,79.95,80.82,77.81,79.76,49262200,-0.59
2025-01-30,PLTR,80.02,81.83,79.38,81.22,46067500,1.83
2025-01-31,PLTR,81.0,85.22,80.87,82.49,78731000,1.56
2025-02-03,PLTR,80.12,84.25,78.47,83.74,126592700,1.52
2025-02-04,PLTR,102.8,106.91,100.51,103.83,230806800,23.99
2025-02-05,PLTR,101.78,103.57,99.32,101.36,90628300,-2.38
2025-02-06,PLTR,101.09,111.54,100.26,111.28,128217500,9.79
2025-02-07,PLTR,111.66,116.3,110.45,110.85,143795400,-0.39
2025-02-10,PLTR,112.03,116.76,108.72,116.65,99938100,5.23
2025-02-11,PLTR,116.5,118.66,112.1,112.62,94311700,-3.45
2025-02-12,PLTR,110.29,117.59,110.0,117.39,75316900,4.24
2025-02-13,PLTR,117.31,118.39,115.15,117.91,60027000,0.44
2025-02-14,PLTR,117.9,120.67,116.8,119.16,65528900,1.06
2025-02-18,PLTR,120.94,125.0,118.43,124.62,84227200,4.58
2025-02-19,PLTR,123.86,125.41,108.56,112.06,147487300,-10.08
2025-02-20,PLTR,102.91,107.4,95.8,106.27,243093900,-5.17
2025-02-21,PLTR,107.68,109.07,100.0,101.35,129063200,-4.63
2025-02-24,PLTR,95.88,99.01,89.3,90.68,184485000,-10.53
2025-02-25,PLTR,90.65,91.7,85.25,87.84,132626300,-3.13
2025-02-26,PLTR,89.16,91.69,87.59,89.31,94428700,1.67
2025-02-27,PLTR,91.91,93.62,84.17,84.77,99680500,-5.08
2025-02-28,PLTR,79.98,85.18,78.58,84.92,125977400,0.18
2025-03-03,PLTR,88.55,90.48,82.53,83.42,114573900,-1.77
2025-03-04,PLTR,80.16,88.5,79.3,84.4,116800300,1.17
2025-03-05,PLTR,86.35,90.3,82.5,90.13,116053000,6.79
2025-03-06,PLTR,87.5,88.34,80.01,80.46,117340600,-10.73
2025-03-07,PLTR,80.03,85.16,79.15,84.91,105377100,5.53
2025-03-10,PLTR,82.0,82.69,74.57,76.38,136843800,-10.05
2025-03-11,PLTR,75.79,80.75,75.53,78.05,109351500,2.19
2025-03-12,PLTR,83.48,84.55,79.86,83.65,116525100,7.17
2025-03-13,PLTR,82.85,83.74,78.32,79.62,100927200,-4.82
2025-03-14,PLTR,82.97,87.27,82.16,86.24,113985000,8.31
2025-03-17,PLTR,88.44,88.82,84.5,87.35,99348900,1.29
2025-03-18,PLTR,85.78,86.17,81.8,83.89,93236500,-3.96
2025-03-19,PLTR,84.55,87.99,82.86,86.1,89797400,2.63
2025-03-20,PLTR,85.54,89.8,85.12,87.39,105547400,1.5
2025-03-21,PLTR,85.85,91.07,84.46,90.96,116748700,4.09
2025-03-24,PLTR,93.4,97.39,92.28,96.75,112164700,6.37
2025-03-25,PLTR,97.22,98.17,95.08,96.5,78015300,-0.26
2025-03-26,PLTR,96.29,97.3,90.82,92.28,81428600,-4.37
2025-03-27,PLTR,91.01,93.65,89.67,90.09,82823000,-2.37
2025-03-28,PLTR,89.34,89.38,84.1,85.85,91091700,-4.71
2025-03-31,PLTR,80.0,84.65,78.75,84.4,108092900,-1.69
2025-04-01,PLTR,83.89,85.28,81.82,84.68,78980700,0.33
2025-04-02,PLTR,82.4,88.4,82.3,87.45,96563100,3.27
2025-04-03,PLTR,81.25,85.68,81.01,83.6,93878200,-4.4
2025-04-04,PLTR,80.07,80.98,71.93,74.01,147323200,-11.47
2025-04-07,PLTR,66.65,81.8,66.12,77.84,169083700,5.17
2025-04-08,PLTR,83.29,86.11,75.22,77.32,135345600,-0.67
2025-04-09,PLTR,78.19,93.33,77.27,92.01,187244300,19.0
2025-04-10,PLTR,88.4,90.78,84.14,88.59,124448200,-3.72
2025-04-11,PLTR,87.98,89.55,85.47,88.55,95130700,-0.05
2025-04-14,PLTR,95.8,97.33,91.46,92.62,122836900,4.6
2025-04-15,PLTR,93.53,98.99,93.05,98.4,118457700,6.24
2025-04-16,PLTR,96.28,97.3,89.62,92.71,121997600,-5.78
2025-04-17,PLTR,94.71,95.11,92.27,93.78,83991800,1.15
2025-04-21,PLTR,92.84,96.47,89.31,90.8,83831100,-3.18
2025-04-22,PLTR,93.01,96.34,91.35,93.99,91185400,3.51
2025-04-23,PLTR,98.86,103.76,97.83,100.82,112909500,7.27
2025-04-24,PLTR,101.53,108.0,100.91,107.78,103190700,6.9
2025-04-25,PLTR,108.05,112.88,106.55,112.78,103933800,4.64
2025-04-28,PLTR,113.78,114.86,108.87,114.65,111082900,1.66
2025-04-29,PLTR,113.98,117.23,113.24,116.08,79709000,1.25
2025-04-30,PLTR,111.61,118.78,110.54,118.44,109461700,2.03
2025-05-01,PLTR,120.04,120.19,116.0,116.2,90677600,-1.89
2025-05-02,PLTR,118.66,124.42,118.63,124.28,103094300,6.95
2025-05-05,PLTR,123.7,125.25,121.36,123.77,135961300,-0.41
2025-05-06,PLTR,112.71,113.91,105.32,108.86,201193400,-12.05
2025-05-07,PLTR,107.97,111.85,107.0,110.48,95428800,1.49
2025-05-08,PLTR,112.28,120.38,112.07,119.15,126966200,7.85
2025-05-09,PLTR,118.97,119.16,114.9,117.3,81005300,-1.55
2025-05-12,PLTR,120.78,120.93,115.01,118.46,94257300,0.99
2025-05-13,PLTR,119.92,130.6,119.31,128.1,147155400,8.14
2025-05-14,PLTR,129.01,133.49,127.56,130.18,96611500,1.62
2025-05-15,PLTR,128.37,130.2,125.74,128.12,69503000,-1.58
2025-05-16,PLTR,129.23,130.33,126.76,129.52,57003700,1.09
2025-05-19,PLTR,124.71,127.77,124.32,126.33,72503900,-2.46
2025-05-20,PLTR,127.22,128.2,124.65,125.59,61265300,-0.59
2025-05-21,PLTR,125.16,127.11,119.41,120.58,80657700,-3.99
2025-05-22,PLTR,121.95,126.33,121.38,122.29,75498300,1.42
2025-05-23,PLTR,120.88,125.54,120.68,123.31,65905800,0.83
2025-05-27,PLTR,126.82,127.88,120.88,123.39,86455200,0.06
2025-05-28,PLTR,124.23,125.65,122.91,123.76,64866000,0.3
2025-05-29,PLTR,125.35,126.47,121.53,122.32,62929100,-1.16
2025-05-30,PLTR,123.53,131.94,122.75,131.78,185897600,7.73
2025-06-02,PLTR,131.43,134.48,128.86,132.04,93218700,0.2
2025-06-03,PLTR,133.07,135.28,130.1,133.17,91297700,0.86
2025-06-04,PLTR,132.8,132.95,125.58,130.01,97306300,-2.37
2025-06-05,PLTR,129.27,132.85,118.93,119.91,131055900,-7.77
2025-06-06,PLTR,123.73,128.13,121.92,127.72,87175100,6.51
2025-06-09,PLTR,127.07,132.23,124.8,132.06,74785600,3.4
2025-06-10,PLTR,131.02,134.07,129.41,132.81,69308900,0.57
2025-06-11,PLTR,133.92,140.0,132.99,136.39,97366000,2.7
2025-06-12,PLTR,136.4,137.1,134.63,135.19,56248200,-0.88
2025-06-13,PLTR,133.82,139.99,133.35,137.4,93519000,1.63
2025-06-16,PLTR,140.03,144.86,139.81,141.41,80779800,2.92
2025-06-17,PLTR,141.49,141.69,136.08,138.2,70479100,-2.27
2025-06-18,PLTR,139.04,140.36,137.49,139.96,58260200,1.27
2025-06-20,PLTR,140.69,142.24,136.74,137.3,87067000,-1.9
2025-06-23,PLTR,138.9,142.15,135.96,139.92,70501100,1.91
2025-06-24,PLTR,140.98,143.66,137.8,143.23,58574200,2.37
2025-06-25,PLTR,144.49,147.67,141.53,142.9,61435300,-0.23
2025-06-26,PLTR,144.85,148.21,142.91,144.25,69440500,0.94
2025-06-27,PLTR,144.87,144.97,130.54,130.74,202598600,-9.37
2025-06-30,PLTR,137.79,138.88,134.8,136.32,97305600,4.27
2025-07-01,PLTR,135.27,136.32,128.51,130.68,91479700,-4.14
2025-07-02,PLTR,131.47,133.6,130.19,132.12,59732000,1.1
2025-07-03,PLTR,134.36,135.62,132.51,134.36,41812500,1.7
2025-07-07,PLTR,134.38,139.29,132.32,139.12,71959700,3.54
2025-07-08,PLTR,138.77,139.85,135.79,139.71,59834800,0.42
2025-07-09,PLTR,139.65,143.17,137.39,143.13,68494800,2.45
2025-07-10,PLTR,143.31,145.16,139.53,142.5,64383900,-0.44
2025-07-11,PLTR,142.11,144.58,141.47,142.1,52134800,-0.28
2025-07-14,PLTR,142.72,149.57,142.22,149.15,81774400,4.96
2025-07-15,PLTR,148.93,150.62,147.36,148.58,59126200,-0.38
2025-07-16,PLTR,149.3,151.51,147.67,150.91,57550300,1.57
2025-07-17,PLTR,151.56,155.68,150.82,153.99,60165500,2.04
2025-07-18,PLTR,154.86,154.92,151.9,153.52,45771600,-0.31
2025-07-21,PLTR,153.88,155.44,151.36,151.79,45072800,-1.13
2025-07-22,PLTR,150.85,151.79,145.06,149.07,49880800,-1.79
2025-07-23,PLTR,149.74,155.0,148.29,154.63,48062000,3.73
2025-07-24,PLTR,153.98,155.63,152.57,154.86,38925700,0.15
2025-07-25,PLTR,155.63,160.39,155.58,158.8,57972300,2.54
2025-07-28,PLTR,159.88,160.28,153.04,157.88,63886900,-0.58
2025-07-29,PLTR,158.71,160.14,154.91,156.24,42427200,-1.04
2025-07-30,PLTR,157.37,159.38,156.56,158.61,40261700,1.52
2025-07-31,PLTR,159.99,160.89,156.73,158.35,45342600,-0.16
2025-08-01,PLTR,155.05,158.19,151.06,154.27,61287000,-2.58
2025-08-04,PLTR,158.53,161.4,157.93,160.66,82993600,4.14
2025-08-05,PLTR,171.81,176.33,169.22,173.27,130917500,7.85
2025-08-06,PLTR,171.18,180.58,171.01,179.54,82924800,3.62
2025-08-07,PLTR,181.01,184.48,178.17,182.2,77829200,1.48
2025-08-08,PLTR,184.74,187.99,184.41,186.96,62657900,2.61
2025-08-11,PLTR,186.47,187.18,181.92,182.68,56125600,-2.29
2025-08-12,PLTR,184.7,190.0,182.1,186.97,54819000,2.35
2025-08-13,PLTR,189.0,189.46,183.59,184.37,53610000,-1.39
2025-08-14,PLTR,182.41,185.33,179.2,181.02,53472900,-1.82
2025-08-15,PLTR,179.73,180.0,173.38,177.17,60288700,-2.13
2025-08-18,PLTR,175.27,177.9,171.39,174.03,62656600,-1.77
2025-08-19,PLTR,171.36,172.3,156.9,157.75,137922700,-9.35
2025-08-20,PLTR,152.3,156.46,142.34,156.01,220336400,-1.1
2025-08-21,PLTR,157.17,157.97,153.81,156.18,94678600,0.11
2025-08-22,PLTR,155.32,163.2,151.77,158.74,102099200,1.64
2025-08-25,PLTR,156.1,158.59,149.37,157.17,86879800,-0.99
2025-08-26,PLTR,155.39,162.13,154.57,160.87,86573700,2.35
2025-08-27,PLTR,162.32,162.4,155.98,156.72,76380600,-2.58
2025-08-28,PLTR,157.63,158.23,152.55,158.12,57885200,0.89
2025-08-29,PLTR,156.98,158.42,153.0,156.71,45270500,-0.89
2025-09-02,PLTR,151.2,158.39,150.28,157.09,65435000,0.24
2025-09-03,PLTR,158.0,161.15,152.71,154.9,66052300,-1.39
2025-09-04,PLTR,154.87,157.04,153.16,156.14,53292300,0.8
2025-09-05,PLTR,157.82,158.97,148.04,153.11,81855900,-1.94
2025-09-08,PLTR,154.91,158.3,154.84,156.1,47643000,1.95
2025-09-09,PLTR,157.25,162.75,156.37,162.36,61359500,4.01
2025-09-10,PLTR,166.0,169.0,163.44,166.74,62211400,2.7
2025-09-11,PLTR,167.24,167.46,163.22,164.36,42025500,-1.43
2025-09-12,PLTR,165.35,171.53,164.01,171.43,54498500,4.3
2025-09-15,PLTR,169.6,171.8,167.41,171.21,45396100,-0.13
2025-09-16,PLTR,171.04,171.31,168.96,170.26,34598700,-0.55
2025-09-17,PLTR,169.02,169.68,161.27,168.33,69255500,-1.13
2025-09-18,PLTR,170.27,178.8,169.39,176.97,70768600,5.13
2025-09-19,PLTR,177.07,184.42,176.71,182.39,109129900,3.06
2025-09-22,PLTR,180.88,182.25,178.29,179.33,45916700,-1.68
2025-09-23,PLTR,182.51,185.75,177.01,182.55,62354800,1.8
2025-09-24,PLTR,183.91,184.85,177.12,179.56,45379700,-1.64
2025-09-25,PLTR,175.8,184.32,174.29,179.12,72321200,-0.25
2025-09-26,PLTR,179.05,180.12,174.91,177.57,44275800,-0.87
2025-09-29,PLTR,179.64,181.48,177.16,178.86,38413800,0.73
2025-09-30,PLTR,178.98,182.77,178.22,182.42,43561700,1.99
2025-10-01,PLTR,181.32,186.28,179.5,184.95,45717300,1.39
2025-10-02,PLTR,186.7,188.2,182.95,187.05,39849200,1.14
2025-10-03,PLTR,186.4,186.84,170.77,173.07,105533400,-7.47
2025-10-06,PLTR,179.18,182.95,177.83,179.53,52504200,3.73
2025-10-07,PLTR,180.31,186.18,179.42,182.17,58179300,1.47
2025-10-08,PLTR,182.8,184.26,181.2,183.56,36299700,0.76
2025-10-09,PLTR,183.58,187.62,179.95,185.47,45050300,1.04
2025-10-10,PLTR,185.17,187.1,173.53,175.44,55194000,-5.41
2025-10-13,PLTR,178.68,179.22,173.45,177.21,41332400,1.01
2025-10-14,PLTR,176.0,182.34,170.82,179.74,49261400,1.43
2025-10-15,PLTR,181.65,184.35,176.02,179.62,37372100,-0.07
2025-10-16,PLTR,181.78,184.82,176.45,178.12,42870900,-0.84
2025-10-17,PLTR,177.75,181.59,173.95,178.15,43421500,0.02
2025-10-20,PLTR,179.49,183.09,177.44,181.59,31975800,1.93
2025-10-21,PLTR,182.06,182.39,178.65,181.51,27528100,-0.04
2025-10-22,PLTR,181.93,182.21,169.42,175.49,58263100,-3.32
2025-10-23,PLTR,175.45,181.56,175.01,180.48,35812300,2.84
2025-10-24,PLTR,182.88,186.17,182.85,184.63,34813500,2.3
2025-10-27,PLTR,188.97,192.83,187.52,189.18,47153100,2.46
2025-10-28,PLTR,189.48,191.78,186.78,189.6,38201000,0.22
2025-10-29,PLTR,191.08,199.85,190.49,198.81,65537300,4.86
2025-10-30,PLTR,198.43,199.67,194.12,194.55,43541700,-2.14
2025-10-31,PLTR,199.2,204.18,197.92,200.47,52697600,3.04
2025-11-03,PLTR,205.04,207.52,201.82,207.18,81016800,3.35
2025-11-04,PLTR,192.07,195.7,185.56,190.74,121380900,-7.94
2025-11-05,PLTR,189.0,190.32,181.21,187.9,76121000,-1.49
2025-11-06,PLTR,187.99,191.09,174.53,175.05,78468600,-6.84
2025-11-07,PLTR,173.15,178.7,168.91,177.93,73989700,1.65
2025-11-10,PLTR,184.31,194.93,183.52,193.61,87764200,8.81
2025-11-11,PLTR,190.34,192.93,187.13,190.96,49819700,-1.37
2025-11-12,PLTR,190.58,190.58,180.4,184.17,55347100,-3.56
2025-11-13,PLTR,181.71,182.7,170.73,172.14,63188800,-6.53
2025-11-14,PLTR,166.98,177.29,164.5,174.01,62596800,1.09
2025-11-17,PLTR,170.53,174.24,167.68,171.25,50339000,-1.59
2025-11-18,PLTR,168.37,172.83,165.5,167.33,53710100,-2.29
2025-11-19,PLTR,167.8,169.6,162.42,165.42,46108200,-1.14
2025-11-20,PLTR,172.07,174.57,154.4,155.74,78443900,-5.85
2025-11-21,PLTR,156.01,158.11,147.56,154.85,71346400,-0.57
2025-11-24,PLTR,157.47,165.17,157.0,162.25,57877800,4.78
2025-11-25,PLTR,160.07,164.65,156.55,163.55,36523500,0.8
2025-11-26,PLTR,166.85,168.34,163.88,165.77,34610500,1.36
2025-11-28,PLTR,167.76,168.8,165.88,168.45,17199500,1.62
2025-12-01,PLTR,165.0,169.1,163.12,167.49,27779600,-0.57
2025-12-02,PLTR,169.59,175.75,169.59,170.69,35368000,1.91
2025-12-03,PLTR,170.14,177.91,168.83,176.08,30541600,3.16
2025-12-04,PLTR,176.37,178.44,174.43,177.92,29217800,1.04
2025-12-05,PLTR,178.23,182.15,177.16,181.76,32079300,2.16
2025-12-08,PLTR,182.21,183.88,179.54,181.49,30456700,-0.15
2025-12-09,PLTR,180.97,182.85,180.38,181.84,18937600,0.19
2025-12-10,PLTR,184.95,190.39,182.75,187.91,59398000,3.34
2025-12-11,PLTR,184.8,188.05,180.21,187.54,36843200,-0.2
2025-12-12,PLTR,185.81,186.52,177.67,183.57,42427400,-2.12
2025-12-15,PLTR,185.08,187.78,180.03,183.25,32796100,-0.17
2025-12-16,PLTR,181.65,188.5,181.14,187.75,42070300,2.46
2025-12-17,PLTR,187.71,187.75,176.5,177.29,50424700,-5.57
2025-12-18,PLTR,181.51,187.33,181.51,185.69,40221500,4.74
2025-12-19,PLTR,186.74,195.0,186.73,193.38,76929400,4.14
2025-12-22,PLTR,195.04,198.88,192.43,193.98,36686000,0.31
2025-12-23,PLTR,192.82,195.37,191.74,194.13,24041000,0.08
2025-12-24,PLTR,193.16,195.17,192.83,194.17,11710100,0.02
2025-12-26,PLTR,195.01,196.35,188.62,188.71,26262000,-2.81
2025-12-29,PLTR,186.85,187.2,183.64,184.18,28242000,-2.4
2025-12-30,PLTR,184.35,184.73,180.7,180.84,23336300,-1.81
2025-12-31,PLTR,181.13,181.53,177.25,177.75,22997400,-1.71
2026-01-02,PLTR,181.3,181.35,166.35,167.86,60634100,-5.56
2026-01-05,PLTR,174.88,175.82,171.79,174.04,39511700,3.68
2026-01-06,PLTR,175.76,180.19,174.77,179.71,34838600,3.26
2026-01-07,PLTR,179.8,187.28,177.66,181.68,45349000,1.1
2026-01-08,PLTR,185.62,185.66,174.37,176.86,47304300,-2.65
2026-01-09,PLTR,177.02,178.72,174.75,177.49,31362900,0.36
2026-01-12,PLTR,177.68,182.5,176.34,179.41,34954500,1.08
2026-01-13,PLTR,178.88,181.1,176.14,178.96,27769400,-0.25
2026-01-14,PLTR,178.12,181.6,173.95,178.4,33651400,-0.31
2026-01-15,PLTR,178.71,180.6,176.53,177.07,31109200,-0.75
2026-01-16,PLTR,179.36,182.43,170.01,170.96,59483600,-3.45
2026-01-20,PLTR,167.62,171.97,166.24,168.53,36708500,-1.42
2026-01-21,PLTR,168.4,169.49,161.11,165.33,47851200,-1.9
2026-01-22,PLTR,168.93,169.0,164.95,165.9,28499500,0.34
2026-01-23,PLTR,167.27,172.0,166.3,169.6,30285700,2.23
2026-01-26,PLTR,168.21,170.59,167.32,167.47,22777200,-1.26
2026-01-27,PLTR,167.48,169.44,164.69,165.7,26542300,-1.06
2026-01-28,PLTR,164.4,165.04,157.24,157.35,44822800,-5.04
2026-01-29,PLTR,157.63,157.63,147.12,151.86,59846800,-3.49
2026-01-30,PLTR,150.05,151.0,145.14,146.59,47271000,-3.47
2026-02-02,PLTR,150.94,151.4,146.65,147.76,72811100,0.8
2026-02-03,PLTR,165.05,165.08,153.12,157.88,113169200,6.85
2026-02-04,PLTR,155.41,155.85,135.68,139.54,113199500,-11.62
2026-02-05,PLTR,136.82,137.98,128.32,130.01,93690800,-6.83
2026-02-06,PLTR,135.33,137.69,132.35,135.9,62661400,4.53
2026-02-09,PLTR,136.58,145.87,134.78,142.91,58042500,5.16
2026-02-10,PLTR,144.96,145.56,137.77,139.51,56061300,-2.38
2026-02-11,PLTR,139.02,139.25,132.95,135.68,52796100,-2.75
2026-02-12,PLTR,135.36,135.89,126.56,129.13,74090600,-4.83
2026-02-13,PLTR,127.9,133.56,126.23,131.41,49438100,1.77
2026-02-17,PLTR,128.9,134.32,127.29,133.02,48407100,1.23
2026-02-18,PLTR,135.89,140.96,134.87,135.38,59677100,1.77
2026-02-19,PLTR,132.31,136.16,131.01,134.89,42197200,-0.36
2026-02-20,PLTR,132.37,136.21,131.17,135.24,53726800,0.26
2026-02-23,PLTR,132.04,132.04,127.39,130.6,52512200,-3.43
2026-02-24,PLTR,129.01,130.24,126.37,128.84,47121400,-1.35
2026-02-25,PLTR,130.61,136.09,129.18,134.19,53078300,4.15
2026-02-26,PLTR,133.85,137.51,132.63,135.94,45100000,1.3
2026-02-27,PLTR,134.07,138.1,133.98,137.19,59265800,0.92
2025-01-02,QQQ,514.3,516.64,505.71,510.23,36389800,
2025-01-03,QQQ,513.35,519.65,512.53,518.58,29059500,1.64
2025-01-06,QQQ,524.02,527.92,522.03,524.54,36109700,1.15
2025-01-07,QQQ,525.59,525.99,513.28,515.18,36690300,-1.78
2025-01-08,QQQ,515.08,516.92,510.57,515.27,30777800,0.02
2025-01-10,QQQ,511.48,511.58,503.92,507.19,40532500,-1.57
2025-01-13,QQQ,501.2,506.02,499.7,505.56,31694200,-0.32
2025-01-14,QQQ,508.74,510.16,501.59,505.08,33737200,-0.09
2025-01-15,QQQ,513.03,517.85,511.46,516.7,34957600,2.3
2025-01-16,QQQ,518.98,519.06,512.95,513.08,28229000,-0.7
2025-01-17,QQQ,522.85,524.07,513.11,521.74,51837900,1.69
2025-01-21,QQQ,524.48,525.97,520.06,524.8,23628000,0.59
2025-01-22,QQQ,529.57,533.82,529.26,531.51,33593000,1.28
2025-01-23,QQQ,529.04,532.76,528.45,532.64,23096600,0.21
2025-01-24,QQQ,533.02,533.79,528.15,529.63,19878300,-0.57
2025-01-27,QQQ,511.0,517.99,510.15,514.21,60771700,-2.91
2025-01-28,QQQ,515.22,523.0,511.78,521.81,33194200,1.48
2025-01-29,QQQ,522.46,522.59,516.9,520.83,26649000,-0.19
2025-01-30,QQQ,523.71,526.1,518.21,523.05,27431300,0.43
2025-01-31,QQQ,526.92,531.52,521.19,522.29,38755200,-0.15
2025-02-03,QQQ,513.47,520.85,511.05,518.11,40580800,-0.8
2025-02-04,QQQ,518.63,525.11,518.23,524.47,26046800,1.23
2025-02-05,QQQ,521.82,527.01,520.62,526.85,21134100,0.45
2025-02-06,QQQ,527.36,529.81,525.74,529.6,19434500,0.52
2025-02-07,QQQ,530.14,532.1,522.19,522.92,29605500,-1.26
2025-02-10,QQQ,527.22,530.36,526.75,529.25,20852800,1.21
2025-02-11,QQQ,525.96,529.92,525.83,527.99,19325500,-0.24
2025-02-12,QQQ,522.3,529.19,521.95,528.3,25009400,0.06
2025-02-13,QQQ,529.98,536.22,529.19,535.9,28714800,1.44
2025-02-14,QQQ,536.01,538.84,535.67,538.15,17862600,0.42
2025-02-18,QQQ,539.73,540.0,536.04,539.37,20565000,0.23
2025-02-19,QQQ,538.57,540.81,536.46,539.52,19666900,0.03
2025-02-20,QQQ,538.73,539.1,532.46,537.23,26550800,-0.42
2025-02-21,QQQ,538.38,538.4,525.71,526.08,47093800,-2.08
2025-02-24,QQQ,527.88,529.07,519.53,519.87,39268400,-1.18
2025-02-25,QQQ,519.24,519.32,509.44,513.32,48940000,-1.26
2025-02-26,QQQ,515.53,519.66,511.37,514.56,34457600,0.24
2025-02-27,QQQ,518.13,519.07,500.05,500.27,52448000,-2.78
2025-02-28,QQQ,500.13,508.78,496.93,508.17,47654000,1.58
2025-03-03,QQQ,511.52,513.04,493.58,497.05,44587200,-2.19
2025-03-04,QQQ,494.18,503.74,487.74,495.55,67875400,-0.3
2025-03-05,QQQ,496.2,503.63,491.26,502.01,46323700,1.3
2025-03-06,QQQ,493.69,498.58,486.2,488.2,57574300,-2.75
2025-03-07,QQQ,487.16,493.28,480.53,491.79,54714700,0.74
2025-03-10,QQQ,483.45,483.97,468.66,472.73,76668000,-3.88
2025-03-11,QQQ,472.35,478.81,467.01,471.6,68760800,-0.24
2025-03-12,QQQ,479.16,481.06,471.79,476.92,46971100,1.13
2025-03-13,QQQ,476.25,476.28,466.43,468.34,46563300,-1.8
2025-03-14,QQQ,473.73,480.56,473.12,479.66,43563000,2.42
2025-03-17,QQQ,479.61,485.84,477.8,482.77,41744400,0.65
2025-03-18,QQQ,479.41,479.61,472.41,474.54,39072300,-1.7
2025-03-19,QQQ,476.81,485.33,474.87,480.89,40430300,1.34
2025-03-20,QQQ,476.88,484.55,476.18,479.26,36780500,-0.34
2025-03-21,QQQ,474.08,481.61,472.91,480.84,42234900,0.33
2025-03-24,QQQ,487.74,491.51,484.4,490.66,34567200,2.04
2025-03-25,QQQ,491.39,493.62,490.42,493.46,26035200,0.57
2025-03-26,QQQ,492.3,493.16,482.82,484.38,34627100,-1.84
2025-03-27,QQQ,482.41,486.58,480.25,481.62,33469800,-0.57
2025-03-28,QQQ,479.81,480.52,468.05,468.94,46363800,-2.63
2025-03-31,QQQ,461.92,469.86,457.33,468.92,53000300,-0.0
2025-04-01,QQQ,467.3,473.63,464.42,472.7,41156200,0.81
2025-04-02,QQQ,466.12,479.56,465.86,476.15,49894500,0.73
2025-04-03,QQQ,456.44,460.07,450.14,450.66,70456300,-5.35
2025-04-04,QQQ,438.14,440.37,422.67,422.67,117088400,-6.21
2025-04-07,QQQ,408.66,443.14,402.39,423.69,161557000,0.24
2025-04-08,QQQ,438.16,443.14,409.79,416.06,101248100,-1.8
2025-04-09,QQQ,415.57,467.83,415.43,466.0,142876900,12.0
2025-04-10,QQQ,453.56,455.59,432.63,446.18,108384100,-4.25
2025-04-11,QQQ,444.65,455.79,441.33,454.4,52483800,1.84
2025-04-14,QQQ,464.46,465.05,452.63,457.48,43941200,0.68
2025-04-15,QQQ,458.54,462.38,456.15,457.99,35404200,0.11
2025-04-16,QQQ,449.03,452.62,437.76,444.18,48980600,-3.02
2025-04-17,QQQ,447.17,447.75,441.36,444.1,44837000,-0.02
2025-04-21,QQQ,438.23,439.08,427.93,433.11,44149300,-2.47
2025-04-22,QQQ,438.82,447.58,437.62,444.48,52304400,2.63
2025-04-23,QQQ,458.17,463.38,452.88,454.56,55801100,2.27
2025-04-24,QQQ,456.48,467.66,455.83,467.35,45956100,2.81
2025-04-25,QQQ,466.97,473.09,465.39,472.56,38697100,1.11
2025-04-28,QQQ,473.03,474.81,466.03,472.41,33550800,-0.03
2025-04-29,QQQ,470.17,476.42,469.59,475.53,30613100,0.66
2025-04-30,QQQ,467.13,477.2,462.43,475.47,46810600,-0.01
2025-05-01,QQQ,483.41,487.18,480.74,481.68,43316500,1.31
2025-05-02,QQQ,486.54,490.91,484.83,488.83,39218100,1.48
2025-05-05,QQQ,484.6,489.03,484.1,485.93,28309500,-0.59
2025-05-06,QQQ,479.56,485.05,478.19,481.41,32786300,-0.93
2025-05-07,QQQ,482.08,485.8,476.78,483.3,38006300,0.39
2025-05-08,QQQ,488.53,492.7,484.17,488.29,39577600,1.03
2025-05-09,QQQ,490.21,491.54,486.2,487.97,27767400,-0.07
2025-05-12,QQQ,506.99,507.89,501.48,507.85,45090600,4.07
2025-05-13,QQQ,509.16,517.39,508.42,515.59,53269600,1.52
2025-05-14,QQQ,516.77,519.23,515.75,518.68,47014500,0.6
2025-05-15,QQQ,516.52,521.93,515.17,519.25,50153300,0.11
2025-05-16,QQQ,520.66,521.7,517.1,521.51,48394600,0.44
2025-05-19,QQQ,514.24,522.53,514.24,522.01,52536200,0.1
2025-05-20,QQQ,519.47,520.93,516.66,520.27,42517600,-0.33
2025-05-21,QQQ,516.27,523.0,511.24,513.04,71292800,-1.39
2025-05-22,QQQ,513.66,517.71,512.3,514.0,55607200,0.19
2025-05-23,QQQ,506.18,511.84,505.58,509.24,58368100,-0.93
2025-05-27,QQQ,516.15,521.71,514.59,521.22,47226300,2.35
2025-05-28,QQQ,522.18,523.68,518.39,518.91,46637200,-0.44
2025-05-29,QQQ,526.33,526.48,517.32,519.93,58513300,0.2
2025-05-30,QQQ,519.44,520.68,511.93,519.11,67662800,-0.16
2025-06-02,QQQ,517.24,523.45,515.97,523.21,44762800,0.79
2025-06-03,QQQ,523.56,528.74,522.69,527.3,44070300,0.78
2025-06-04,QQQ,528.01,529.84,525.97,528.77,41359300,0.28
2025-06-05,QQQ,530.18,533.05,522.66,524.79,61031200,-0.75
2025-06-06,QQQ,530.0,531.8,528.21,529.92,42467000,0.98
2025-06-09,QQQ,530.14,532.35,529.01,530.7,33688700,0.15
2025-06-10,QQQ,531.17,534.9,528.89,534.21,40664800,0.66
2025-06-11,QQQ,535.62,536.78,530.11,532.41,53701000,-0.34
2025-06-12,QQQ,531.09,534.64,530.84,533.66,34104900,0.23
2025-06-13,QQQ,527.68,531.87,525.73,526.96,55814400,-1.26
2025-06-16,QQQ,530.5,535.37,530.45,534.29,37622100,1.39
2025-06-17,QQQ,531.71,533.33,527.91,529.08,42180900,-0.98
2025-06-18,QQQ,530.1,532.55,527.4,528.99,43983500,-0.02
2025-06-20,QQQ,532.26,533.56,524.88,526.83,61643500,-0.41
2025-06-23,QQQ,526.81,532.17,523.65,531.65,50666100,0.91
2025-06-24,QQQ,536.89,540.7,536.27,539.78,45442000,1.53
2025-06-25,QQQ,542.06,543.31,539.38,541.16,44804200,0.26
2025-06-26,QQQ,543.35,546.67,541.52,546.22,43811400,0.94
2025-06-27,QQQ,547.26,549.99,544.54,548.09,57577100,0.34
2025-06-30,QQQ,551.26,552.8,549.01,551.64,45548700,0.65
2025-07-01,QQQ,549.73,550.71,544.66,546.99,56166700,-0.84
2025-07-02,QQQ,546.16,551.0,546.12,550.8,36538300,0.7
2025-07-03,QQQ,553.18,557.2,553.18,556.22,26443500,0.98
2025-07-07,QQQ,553.52,554.34,549.58,552.03,45349300,-0.75
2025-07-08,QQQ,553.38,554.01,551.1,552.34,36153300,0.06
2025-07-09,QQQ,554.48,557.63,553.1,556.25,43045500,0.71
2025-07-10,QQQ,556.89,557.3,552.75,555.45,34710900,-0.14
2025-07-11,QQQ,553.3,555.79,552.05,554.2,39618600,-0.23
2025-07-14,QQQ,553.99,556.95,551.63,556.21,36453300,0.36
2025-07-15,QQQ,560.25,560.8,556.66,556.72,43277700,0.09
2025-07-16,QQQ,557.28,560.21,551.56,557.29,52314700,0.1
2025-07-17,QQQ,558.02,562.31,557.21,561.8,40423800,0.81
2025-07-18,QQQ,563.12,564.73,559.98,561.26,50484700,-0.1
2025-07-21,QQQ,562.09,566.06,562.06,564.17,39595200,0.52
2025-07-22,QQQ,564.3,564.35,558.61,561.25,43270600,-0.52
2025-07-23,QQQ,562.34,563.85,559.58,563.81,40215300,0.46
2025-07-24,QQQ,565.13,566.24,563.29,565.01,42275500,0.21
2025-07-25,QQQ,564.93,567.7,564.27,566.37,30630800,0.24
2025-07-28,QQQ,567.74,569.04,566.87,568.14,31498700,0.31
2025-07-29,QQQ,570.76,572.11,566.53,567.26,45463300,-0.15
2025-07-30,QQQ,568.18,570.62,565.05,568.02,43433800,0.13
2025-07-31,QQQ,574.54,574.63,563.87,565.01,64613600,-0.53
2025-08-01,QQQ,558.83,559.02,551.68,553.88,69400800,-1.97
2025-08-04,QQQ,559.05,564.32,558.95,564.1,47669800,1.85
2025-08-05,QQQ,565.39,566.56,559.73,560.27,48666600,-0.68
2025-08-06,QQQ,561.11,567.76,560.63,567.32,41823700,1.26
2025-08-07,QQQ,571.67,573.32,565.11,569.24,44463000,0.34
2025-08-08,QQQ,570.45,574.77,570.15,574.55,35255500,0.93
2025-08-11,QQQ,574.69,576.8,571.57,572.85,33112900,-0.3
2025-08-12,QQQ,575.16,580.35,572.49,580.05,42143300,1.26
2025-08-13,QQQ,582.76,583.32,578.94,580.34,41209300,0.05
2025-08-14,QQQ,578.28,581.88,577.91,579.89,45425000,-0.08
2025-08-15,QQQ,579.8,579.84,575.57,577.34,49480200,-0.44
2025-08-18,QQQ,576.44,577.77,575.24,577.11,29831000,-0.04
2025-08-19,QQQ,576.39,576.56,568.25,569.28,53752600,-1.36
2025-08-20,QQQ,568.33,568.45,558.84,565.9,76781100,-0.59
2025-08-21,QQQ,564.35,566.49,560.98,563.28,46436900,-0.46
2025-08-22,QQQ,564.67,573.99,563.27,571.97,51502100,1.54
2025-08-25,QQQ,570.4,573.29,569.16,570.32,34044700,-0.29
2025-08-26,QQQ,569.83,572.92,568.8,572.61,34103000,0.4
2025-08-27,QQQ,571.59,574.41,570.37,573.49,36927100,0.15
2025-08-28,QQQ,574.11,578.0,572.46,577.08,46787900,0.63
2025-08-29,QQQ,574.66,575.03,568.54,570.4,56030400,-1.16
2025-09-02,QQQ,561.31,565.97,559.54,565.62,65876800,-0.84
2025-09-03,QQQ,569.23,571.7,566.73,570.07,54230200,0.79
2025-09-04,QQQ,570.74,575.6,569.03,575.23,47526300,0.91
2025-09-05,QQQ,580.49,581.12,571.53,576.06,68342500,0.14
2025-09-08,QQQ,578.37,580.84,577.77,578.87,46371400,0.49
2025-09-09,QQQ,579.67,580.94,577.04,580.51,44007600,0.28
2025-09-10,QQQ,583.74,583.77,578.55,580.7,49308000,0.03
2025-09-11,QQQ,583.24,584.88,581.62,584.08,44745800,0.58
2025-09-12,QQQ,585.04,587.86,584.1,586.66,50745900,0.44
2025-09-15,QQQ,588.44,591.79,588.29,591.68,44360300,0.86
2025-09-16,QQQ,592.61,592.86,590.49,591.18,36942100,-0.08
2025-09-17,QQQ,591.1,591.75,584.37,590.0,69384800,-0.2
2025-09-18,QQQ,594.91,598.14,592.96,595.32,61069300,0.9
2025-09-19,QQQ,597.33,600.05,595.85,599.35,58196100,0.68
2025-09-22,QQQ,597.74,602.87,597.72,602.2,57154800,0.48
2025-09-23,QQQ,602.37,602.57,596.98,598.2,64635500,-0.66
2025-09-24,QQQ,599.58,599.9,593.36,596.1,49850300,-0.35
2025-09-25,QQQ,592.2,595.12,588.5,593.53,70920200,-0.43
2025-09-26,QQQ,594.35,596.3,591.06,595.97,54337400,0.41
2025-09-29,QQQ,599.11,602.05,597.41,598.73,48332900,0.46
2025-09-30,QQQ,598.43,600.71,596.1,600.37,46533800,0.27
2025-10-01,QQQ,597.17,603.79,596.34,603.25,46899600,0.48
2025-10-02,QQQ,607.06,607.16,602.93,605.73,43765400,0.41
2025-10-03,QQQ,606.51,607.33,601.39,603.18,46482100,-0.42
2025-10-06,QQQ,608.45,609.36,605.97,607.71,41962100,0.75
2025-10-07,QQQ,609.02,609.71,603.03,604.51,58209500,-0.53
2025-10-08,QQQ,605.41,611.75,605.26,611.44,50629800,1.15
2025-10-09,QQQ,611.48,611.61,607.48,610.7,45551000,-0.12
2025-10-10,QQQ,611.4,613.18,589.05,589.5,97614800,-3.47
2025-10-13,QQQ,599.68,602.95,597.23,602.01,65872600,2.12
2025-10-14,QQQ,595.31,602.69,590.13,598.0,69203200,-0.67
2025-10-15,QQQ,604.01,606.7,595.93,602.22,62805500,0.71
2025-10-16,QQQ,605.11,608.31,595.5,599.99,70982000,-0.37
2025-10-17,QQQ,597.95,605.51,596.37,603.93,72024900,0.66
2025-10-20,QQQ,607.14,612.8,607.07,611.54,45761700,1.26
2025-10-21,QQQ,611.64,612.72,609.32,611.38,44538200,-0.03
2025-10-22,QQQ,610.82,611.41,599.74,605.49,61478800,-0.96
2025-10-23,QQQ,604.91,611.37,604.52,610.58,42844300,0.84
2025-10-24,QQQ,615.99,618.42,615.13,617.1,47632500,1.07
2025-10-27,QQQ,624.52,628.55,624.03,628.09,54098600,1.78
2025-10-28,QQQ,630.36,634.68,629.25,632.92,61195700,0.77
2025-10-29,QQQ,635.59,637.01,630.25,635.77,67422800,0.45
2025-10-30,QQQ,632.17,633.5,625.94,626.05,61628600,-1.53
2025-10-31,QQQ,634.17,634.2,626.69,629.07,66305100,0.48
2025-11-03,QQQ,635.11,635.82,629.85,632.08,37154300,0.48
2025-11-04,QQQ,623.28,626.95,618.46,619.25,63830800,-2.03
2025-11-05,QQQ,618.49,626.6,617.21,623.28,48688500,0.65
2025-11-06,QQQ,621.79,622.04,610.3,611.67,72115100,-1.86
2025-11-07,QQQ,608.31,609.95,598.67,609.74,81835400,-0.32
2025-11-10,QQQ,618.92,624.31,616.89,623.23,55919900,2.21
2025-11-11,QQQ,620.57,622.72,617.52,621.57,44868800,-0.27
2025-11-12,QQQ,624.84,624.86,617.81,621.08,47444400,-0.08
2025-11-13,QQQ,617.54,618.12,606.08,608.4,71333600,-2.04
2025-11-14,QQQ,599.55,613.35,597.17,608.86,80087300,0.08
2025-11-17,QQQ,606.3,612.48,599.87,603.66,63850400,-0.85
2025-11-18,QQQ,599.62,602.31,591.34,596.31,83327300,-1.22
2025-11-19,QQQ,597.07,606.16,594.59,599.87,73111500,0.6
2025-11-20,QQQ,611.62,614.03,584.75,585.67,117743200,-2.37
2025-11-21,QQQ,587.47,596.98,580.74,590.07,103344200,0.75
2025-11-24,QQQ,595.28,606.68,595.16,605.16,60168100,2.56
2025-11-25,QQQ,603.51,610.26,597.32,608.89,57560900,0.62
2025-11-26,QQQ,612.51,616.19,610.39,614.27,42393600,0.88
2025-11-28,QQQ,616.11,619.32,615.42,619.25,23034400,0.81
2025-12-01,QQQ,613.63,619.44,612.52,617.17,40957600,-0.34
2025-12-02,QQQ,619.46,623.75,617.59,622.0,54541800,0.78
2025-12-03,QQQ,619.62,624.22,618.03,623.52,47841600,0.24
2025-12-04,QQQ,624.93,624.94,619.54,622.94,47067800,-0.09
2025-12-05,QQQ,624.38,628.92,623.71,625.48,53614200,0.41
2025-12-08,QQQ,627.21,628.84,621.69,624.28,43462400,-0.19
2025-12-09,QQQ,623.01,625.87,621.0,625.05,37156000,0.12
2025-12-10,QQQ,623.85,629.21,620.99,627.61,55031400,0.41
2025-12-11,QQQ,623.82,625.78,617.72,625.58,58272800,-0.32
2025-12-12,QQQ,622.08,623.54,611.36,613.62,75158700,-1.91
2025-12-15,QQQ,618.37,618.42,609.32,610.54,49538200,-0.5
2025-12-16,QQQ,608.26,613.51,606.91,611.75,55152800,0.2
2025-12-17,QQQ,613.06,613.65,600.28,600.41,70654300,-1.85
2025-12-18,QQQ,609.8,612.93,606.92,609.11,78875800,1.45
2025-12-19,QQQ,611.95,617.62,611.87,617.05,60369800,1.3
2025-12-22,QQQ,621.35,621.65,617.77,619.21,43703100,0.35
2025-12-23,QQQ,618.2,622.41,617.78,622.11,41120400,0.47
2025-12-24,QQQ,621.99,624.28,621.72,623.93,18468700,0.29
2025-12-26,QQQ,624.66,625.52,623.14,623.89,28959800,-0.01
2025-12-29,QQQ,620.1,622.78,618.73,620.87,32458300,-0.48
2025-12-30,QQQ,619.84,622.18,619.22,619.43,31226800,-0.23
2025-12-31,QQQ,619.65,619.96,614.05,614.31,40746500,-0.83
2026-01-02,QQQ,620.06,622.85,610.15,613.12,61859200,-0.19
2026-01-05,QQQ,619.32,620.81,616.72,617.99,46828400,0.79
2026-01-06,QQQ,619.23,624.02,618.54,623.42,43137500,0.88
2026-01-07,QQQ,623.04,627.94,622.56,624.02,44880300,0.1
2026-01-08,QQQ,623.03,623.42,617.8,620.47,50435900,-0.57
2026-01-09,QQQ,621.41,627.89,619.06,626.65,49688700,1.0
2026-01-12,QQQ,622.31,628.85,622.26,627.17,37388700,0.08
2026-01-13,QQQ,627.27,629.47,623.7,626.24,44481400,-0.15
2026-01-14,QQQ,622.24,623.45,614.56,619.55,72598700,-1.07
2026-01-15,QQQ,626.6,630.0,620.75,621.78,53934900,0.36
2026-01-16,QQQ,625.5,626.08,618.88,621.26,61058100,-0.08
2026-01-20,QQQ,610.53,615.06,607.05,608.06,81988900,-2.12
2026-01-21,QQQ,609.47,620.42,607.86,616.28,79837900,1.35
2026-01-22,QQQ,622.35,622.46,617.78,620.76,42254800,0.73
2026-01-23,QQQ,619.73,625.4,618.65,622.72,43645800,0.32
2026-01-26,QQQ,623.21,627.61,622.12,625.46,35983000,0.44
2026-01-27,QQQ,628.91,632.04,627.34,631.13,38997200,0.91
2026-01-28,QQQ,635.46,636.6,631.81,633.22,50691700,0.33
2026-01-29,QQQ,632.65,633.67,618.27,629.43,79944000,-0.6
2026-01-30,QQQ,625.71,628.26,619.3,621.87,65650700,-1.2
2026-02-02,QQQ,618.7,628.49,618.66,626.14,49020300,0.69
2026-02-03,QQQ,628.3,629.98,610.96,616.52,81234000,-1.54
2026-02-04,QQQ,615.02,615.1,600.47,605.75,81850700,-1.75
2026-02-05,QQQ,600.21,604.81,594.76,597.03,89354500,-1.44
2026-02-06,QQQ,600.19,611.41,598.77,609.65,78019300,2.11
2026-02-09,QQQ,607.54,616.46,605.07,614.32,56797600,0.77
2026-02-10,QQQ,615.31,617.02,611.01,611.47,53938900,-0.46
2026-02-11,QQQ,616.38,617.52,607.69,613.11,58575100,0.27
2026-02-12,QQQ,614.71,615.81,599.57,600.64,81378900,-2.03
2026-02-13,QQQ,600.43,606.48,596.42,601.92,69237500,0.21
2026-02-17,QQQ,598.38,603.95,593.34,601.3,69013800,-0.1
2026-02-18,QQQ,602.11,609.77,600.72,605.79,64250700,0.75
2026-02-19,QQQ,602.81,605.82,600.75,603.47,60960800,-0.38
2026-02-20,QQQ,600.12,610.35,599.23,608.81,74127300,0.88
2026-02-23,QQQ,606.61,608.01,599.05,601.41,63859100,-1.22
2026-02-24,QQQ,602.4,608.99,599.73,607.87,55023700,1.07
2026-02-25,QQQ,611.07,616.83,611.0,616.68,55710700,1.45
2026-02-26,QQQ,615.59,615.59,603.98,609.24,96178900,-1.21
2026-02-27,QQQ,602.98,608.32,602.19,607.29,68012000,-0.32
2025-01-02,SPY,589.39,591.13,580.5,584.64,50204000,
2025-01-03,SPY,587.53,592.6,586.43,591.95,37888500,1.25
2025-01-06,SPY,596.27,599.7,593.6,595.36,47679400,0.58
2025-01-07,SPY,597.42,597.75,586.78,588.63,60393100,-1.13
2025-01-08,SPY,588.7,590.58,585.2,589.49,47304700,0.15
2025-01-10,SPY,585.88,585.95,578.55,580.49,73105000,-1.53
2025-01-13,SPY,575.77,581.75,575.35,581.39,47910100,0.16
2025-01-14,SPY,584.36,585.0,578.35,582.19,48420600,0.14
2025-01-15,SPY,590.33,593.94,589.2,592.78,56900200,1.82
2025-01-16,SPY,594.17,594.35,590.93,591.64,43319700,-0.19
2025-01-17,SPY,596.96,599.36,595.61,597.58,58070600,1.0
2025-01-21,SPY,600.67,603.06,598.67,603.05,42532900,0.92
2025-01-22,SPY,605.92,607.82,605.36,606.44,48196000,0.56
2025-01-23,SPY,605.8,609.75,605.52,609.75,41152100,0.55
2025-01-24,SPY,609.81,610.78,606.8,607.97,34604700,-0.29
2025-01-27,SPY,594.81,599.69,594.64,599.37,70361100,-1.41
2025-01-28,SPY,600.62,605.37,597.25,604.52,44433300,0.86
2025-01-29,SPY,603.72,604.13,599.22,601.81,37177400,-0.45
2025-01-30,SPY,603.96,606.6,600.72,605.04,39281300,0.54
2025-01-31,SPY,607.5,609.96,601.05,601.82,66566900,-0.53
2025-02-03,SPY,592.67,600.29,590.49,597.77,65857200,-0.67
2025-02-04,SPY,597.83,602.3,597.28,601.78,33457800,0.67
2025-02-05,SPY,600.64,604.37,598.58,604.22,30653100,0.41
2025-02-06,SPY,605.99,606.45,602.63,606.32,35771500,0.35
2025-02-07,SPY,606.89,608.13,600.05,600.77,50788500,-0.92
2025-02-10,SPY,604.03,605.5,602.74,604.85,26048700,0.68
2025-02-11,SPY,602.55,605.86,602.43,605.31,30056700,0.08
2025-02-12,SPY,599.2,604.55,598.51,603.36,45076100,-0.32
2025-02-13,SPY,604.48,609.94,603.2,609.73,40921300,1.06
2025-02-14,SPY,609.94,610.99,609.07,609.7,26910400,-0.0
2025-02-18,SPY,610.88,611.49,608.38,611.49,26749000,0.29
2025-02-19,SPY,610.08,613.23,609.56,612.93,31011100,0.24
2025-02-20,SPY,611.54,611.68,607.02,610.38,36554000,-0.42
2025-02-21,SPY,610.16,610.3,599.47,599.94,76519800,-1.71
2025-02-24,SPY,602.02,603.03,596.49,597.21,50737200,-0.46
2025-02-25,SPY,597.15,597.89,589.56,594.24,58266500,-0.5
2025-02-26,SPY,595.93,599.58,591.86,594.54,43321600,0.05
2025-02-27,SPY,596.85,598.02,584.65,585.05,74196700,-1.6
2025-02-28,SPY,585.56,594.72,582.44,594.18,88744100,1.56
2025-03-03,SPY,596.18,597.34,579.9,583.77,74249200,-1.75
2025-03-04,SPY,579.71,585.39,572.25,576.86,109648200,-1.18
2025-03-05,SPY,576.69,584.88,573.08,583.06,71230500,1.07
2025-03-06,SPY,575.48,580.17,570.12,572.71,80094900,-1.78
2025-03-07,SPY,570.9,577.39,565.63,575.92,81158800,0.56
2025-03-10,SPY,567.59,569.54,555.59,560.58,99326600,-2.66
2025-03-11,SPY,559.4,564.02,552.02,555.92,88102100,-0.83
2025-03-12,SPY,562.17,563.11,553.69,558.87,69588200,0.53
2025-03-13,SPY,558.49,559.11,549.68,551.42,74079400,-1.33
2025-03-14,SPY,556.11,563.83,551.49,562.81,62660300,2.07
2025-03-17,SPY,562.79,569.71,562.35,567.15,49008700,0.77
2025-03-18,SPY,564.8,565.02,559.06,561.02,66041400,-1.08
2025-03-19,SPY,562.83,570.95,561.63,567.13,66556000,1.09
2025-03-20,SPY,563.33,570.57,562.6,565.49,62958200,-0.29
2025-03-21,SPY,559.28,564.89,558.03,563.98,83763000,-0.27
2025-03-24,SPY,570.8,575.15,570.2,574.08,58766800,1.79
2025-03-25,SPY,575.3,576.41,573.69,575.46,38355700,0.24
2025-03-26,SPY,575.19,576.33,567.19,568.59,51848300,-1.19
2025-03-27,SPY,567.18,570.9,564.94,567.08,42164200,-0.27
2025-03-28,SPY,565.53,566.27,555.07,555.66,71662700,-2.01
2025-03-31,SPY,549.83,560.71,546.87,559.39,95328200,0.67
2025-04-01,SPY,557.45,562.94,553.68,560.97,54609600,0.28
2025-04-02,SPY,555.05,567.42,554.81,564.52,76014500,0.63
2025-04-03,SPY,545.11,547.97,536.7,536.7,125986000,-4.93
2025-04-04,SPY,523.67,525.87,505.06,505.28,217965100,-5.85
2025-04-07,SPY,489.19,523.17,481.8,504.38,256611400,-0.18
2025-04-08,SPY,521.86,524.98,489.16,496.48,165816600,-1.57
2025-04-09,SPY,493.44,548.62,493.05,548.62,241867300,10.5
2025-04-10,SPY,532.17,533.5,509.32,524.58,162331200,-4.38
2025-04-11,SPY,523.01,536.43,520.07,533.94,97866300,1.78
2025-04-14,SPY,544.05,544.28,533.86,539.12,68034000,0.97
2025-04-15,SPY,539.67,543.23,536.81,537.61,56892900,-0.28
2025-04-16,SPY,531.68,537.89,520.29,525.66,83484800,-2.22
2025-04-17,SPY,527.64,531.17,523.91,526.41,79868100,0.14
2025-04-21,SPY,521.16,521.7,508.46,513.88,69368100,-2.38
2025-04-22,SPY,520.14,529.3,519.19,527.25,75948100,2.6
2025-04-23,SPY,540.43,545.43,533.88,535.42,90590700,1.55
2025-04-24,SPY,536.72,547.43,535.45,546.69,64150400,2.1
2025-04-25,SPY,546.65,551.05,543.69,550.64,61119600,0.72
2025-04-28,SPY,551.39,553.55,545.02,550.85,47613800,0.04
2025-04-29,SPY,548.91,555.45,548.55,554.32,47775100,0.63
2025-04-30,SPY,547.57,556.52,541.52,554.54,93101500,0.04
2025-05-01,SPY,560.37,564.07,557.86,558.47,63186100,0.71
2025-05-02,SPY,564.73,568.38,562.38,566.76,60717300,1.48
2025-05-05,SPY,562.57,566.65,561.7,563.51,38659200,-0.57
2025-05-06,SPY,557.93,563.35,556.96,558.8,48264700,-0.84
2025-05-07,SPY,560.15,563.82,556.04,561.15,55588000,0.42
2025-05-08,SPY,565.24,570.31,561.7,565.06,65130800,0.7
2025-05-09,SPY,566.48,567.5,562.76,564.34,37603400,-0.13
2025-05-12,SPY,581.47,583.0,577.04,582.99,78993600,3.3
2025-05-13,SPY,583.41,589.08,582.84,586.84,67947200,0.66
2025-05-14,SPY,587.81,588.98,585.54,587.59,66283500,0.13
2025-05-15,SPY,585.56,590.97,585.1,590.46,71268100,0.49
2025-05-16,SPY,591.25,594.5,589.28,594.2,76052100,0.63
2025-05-19,SPY,588.1,595.54,588.1,594.85,68168500,0.11
2025-05-20,SPY,593.09,594.05,589.6,592.85,60614500,-0.34
2025-05-21,SPY,588.44,592.58,581.82,582.86,95197700,-1.69
2025-05-22,SPY,582.66,586.62,581.41,583.09,70860400,0.04
2025-05-23,SPY,575.98,581.81,575.6,579.11,76029000,-0.68
2025-05-27,SPY,586.07,591.31,578.43,591.15,72588500,2.08
2025-05-28,SPY,591.56,592.77,586.99,587.73,68445500,-0.58
2025-05-29,SPY,593.06,593.2,586.07,590.05,69973300,0.39
2025-05-30,SPY,588.93,591.13,583.24,589.39,90601200,-0.11
2025-06-02,SPY,587.76,592.79,585.06,592.71,61630500,0.56
2025-06-03,SPY,592.34,597.08,591.85,596.09,63606200,0.57
2025-06-04,SPY,596.96,597.95,595.49,595.93,57314200,-0.03
2025-06-05,SPY,597.63,599.0,591.05,593.05,92278700,-0.48
2025-06-06,SPY,598.66,600.83,596.86,599.14,66588700,1.03
2025-06-09,SPY,599.72,601.25,598.49,599.68,53016400,0.09
2025-06-10,SPY,600.22,603.47,599.09,603.08,66247000,0.57
2025-06-11,SPY,604.19,605.06,599.27,601.36,73658200,-0.29
2025-06-12,SPY,600.01,603.75,599.52,603.75,64129000,0.4
2025-06-13,SPY,598.5,601.85,595.48,597.0,89506000,-1.12
2025-06-16,SPY,600.4,604.45,600.22,602.68,79984100,0.95
2025-06-17,SPY,600.21,601.75,596.76,597.53,82209400,-0.85
2025-06-18,SPY,598.44,601.22,596.47,597.44,76605000,-0.02
2025-06-20,SPY,598.38,599.46,592.86,594.28,94051400,-0.53
2025-06-23,SPY,595.04,600.54,591.89,600.15,87426000,0.99
2025-06-24,SPY,604.33,607.85,603.41,606.78,67735300,1.1
2025-06-25,SPY,607.91,608.61,605.54,607.12,62114800,0.06
2025-06-26,SPY,608.99,612.31,608.37,611.87,78548400,0.78
2025-06-27,SPY,612.88,616.39,610.83,614.91,86258400,0.5
2025-06-30,SPY,617.38,619.22,615.04,617.85,92502500,0.48
2025-07-01,SPY,616.36,618.83,615.52,617.65,70030100,-0.03
2025-07-02,SPY,617.24,620.49,616.61,620.45,66510400,0.45
2025-07-03,SPY,622.45,626.28,622.43,625.34,51065800,0.79
2025-07-07,SPY,623.36,624.03,617.87,620.68,74814500,-0.75
2025-07-08,SPY,621.35,622.11,619.52,620.34,59024600,-0.05
2025-07-09,SPY,622.77,624.72,620.91,624.06,66113300,0.6
2025-07-10,SPY,624.2,626.87,623.01,625.82,57529000,0.28
2025-07-11,SPY,622.74,624.86,621.53,623.62,63670200,-0.35
2025-07-14,SPY,623.16,625.16,621.8,624.81,51898500,0.19
2025-07-15,SPY,627.52,627.86,622.06,622.14,74317300,-0.43
2025-07-16,SPY,623.74,624.73,618.05,624.22,88987500,0.33
2025-07-17,SPY,624.4,628.4,624.18,628.04,68885700,0.61
2025-07-18,SPY,629.3,629.47,626.46,627.58,65621600,-0.07
2025-07-21,SPY,628.77,631.54,628.34,628.77,63375000,0.19
2025-07-22,SPY,629.1,629.73,626.19,628.86,60046300,0.01
2025-07-23,SPY,631.55,634.21,629.73,634.21,70511000,0.85
2025-07-24,SPY,634.6,636.15,633.99,634.42,71307100,0.03
2025-07-25,SPY,635.09,637.58,634.84,637.1,56865400,0.42
2025-07-28,SPY,637.48,638.04,635.54,636.94,54917100,-0.03
2025-07-29,SPY,638.35,638.67,634.34,635.26,60556300,-0.26
2025-07-30,SPY,635.92,637.68,631.54,634.46,80418900,-0.13
2025-07-31,SPY,639.46,639.85,630.77,632.08,103385200,-0.38
2025-08-01,SPY,626.3,626.34,619.29,621.72,140103600,-1.64
2025-08-04,SPY,625.67,631.22,625.58,631.17,73218000,1.52
2025-08-05,SPY,631.79,632.61,627.04,627.97,68051400,-0.51
2025-08-06,SPY,629.05,633.44,628.13,632.78,64357500,0.77
2025-08-07,SPY,636.24,636.98,629.11,632.25,74205800,-0.08
2025-08-08,SPY,634.06,637.65,633.74,637.18,64051600,0.78
2025-08-11,SPY,637.46,638.95,634.66,635.92,58742300,-0.2
2025-08-12,SPY,638.29,642.85,636.79,642.69,64730800,1.06
2025-08-13,SPY,644.91,646.19,642.68,644.89,60092800,0.34
2025-08-14,SPY,642.79,645.62,642.34,644.95,59327500,0.01
2025-08-15,SPY,645.99,646.09,642.52,643.44,68592500,-0.23
2025-08-18,SPY,642.86,644.0,642.18,643.3,43804900,-0.02
2025-08-19,SPY,643.12,644.11,638.48,639.81,69750700,-0.54
2025-08-20,SPY,639.4,639.66,632.95,638.11,88890300,-0.27
2025-08-21,SPY,636.28,637.97,633.81,635.55,54805800,-0.4
2025-08-22,SPY,637.76,646.5,637.25,645.31,84083200,1.54
2025-08-25,SPY,644.04,645.29,642.35,642.47,51274300,-0.44
2025-08-26,SPY,642.2,645.51,641.57,645.16,51581600,0.42
2025-08-27,SPY,644.57,647.37,644.42,646.63,48341100,0.23
2025-08-28,SPY,647.24,649.48,645.34,648.92,61519500,0.35
2025-08-29,SPY,647.47,647.84,643.14,645.05,74522200,-0.6
2025-09-02,SPY,637.5,640.49,634.92,640.27,81983500,-0.74
2025-09-03,SPY,642.67,644.21,640.46,643.74,70820900,0.54
2025-09-04,SPY,644.42,649.15,643.51,649.12,65219200,0.84
2025-09-05,SPY,651.48,652.21,643.33,647.24,85178900,-0.29
2025-09-08,SPY,648.62,649.84,647.23,648.83,63133100,0.25
2025-09-09,SPY,648.97,650.86,647.22,650.33,66133900,0.23
2025-09-10,SPY,653.62,654.55,650.63,652.21,78034500,0.29
2025-09-11,SPY,654.18,658.33,653.59,657.63,69934400,0.83
2025-09-12,SPY,657.6,659.11,656.9,657.41,72780100,-0.03
2025-09-15,SPY,659.64,661.04,659.34,660.91,63772400,0.53
2025-09-16,SPY,661.47,661.78,659.21,660.0,61169000,-0.14
2025-09-17,SPY,660.01,661.72,654.3,659.18,101952200,-0.12
2025-09-18,SPY,661.89,664.89,660.27,662.26,90459200,0.47
2025-09-19,SPY,662.33,664.55,660.37,663.7,97945600,0.22
2025-09-22,SPY,662.2,667.29,662.17,666.84,69452200,0.47
2025-09-23,SPY,666.72,667.34,661.98,663.21,81708900,-0.54
2025-09-24,SPY,664.51,664.61,659.67,661.1,68082200,-0.32
2025-09-25,SPY,657.94,659.41,654.41,658.05,89622100,-0.46
2025-09-26,SPY,659.51,662.37,657.88,661.82,69179200,0.57
2025-09-29,SPY,664.36,665.28,661.86,663.68,73499000,0.28
2025-09-30,SPY,662.93,666.65,661.61,666.18,86288000,0.38
2025-10-01,SPY,663.17,669.37,663.06,668.45,72545400,0.34
2025-10-02,SPY,670.45,670.57,666.78,669.22,56896000,0.12
2025-10-03,SPY,669.99,672.68,668.16,669.21,70494400,-0.0
2025-10-06,SPY,671.62,672.51,669.46,671.61,54623300,0.36
2025-10-07,SPY,672.54,672.99,667.67,669.12,72020100,-0.37
2025-10-08,SPY,670.25,673.21,669.42,673.11,60702200,0.6
2025-10-09,SPY,673.53,673.94,669.21,671.16,66501900,-0.29
2025-10-10,SPY,672.13,673.95,652.84,653.02,159422600,-2.7
2025-10-13,SPY,660.65,665.13,659.77,663.04,79560500,1.53
2025-10-14,SPY,657.17,665.83,653.17,662.23,88779600,-0.12
2025-10-15,SPY,666.82,670.23,658.93,665.17,81702600,0.44
2025-10-16,SPY,666.82,668.71,657.11,660.64,110563300,-0.68
2025-10-17,SPY,659.5,665.76,658.14,664.39,96500900,0.57
2025-10-20,SPY,667.32,672.21,667.27,671.3,60493400,1.04
2025-10-21,SPY,671.44,672.99,669.98,671.29,56249000,-0.0
2025-10-22,SPY,672.0,672.0,663.3,667.8,80564000,-0.52
2025-10-23,SPY,668.12,672.71,667.8,671.76,65604500,0.59
2025-10-24,SPY,676.46,678.47,675.65,677.25,74356500,0.82
2025-10-27,SPY,682.73,685.54,682.12,685.24,63339800,1.18
2025-10-28,SPY,687.05,688.91,684.83,687.06,61738100,0.27
2025-10-29,SPY,688.72,689.7,682.87,687.39,85657100,0.05
2025-10-30,SPY,683.9,685.94,679.83,679.83,76335800,-1.1
2025-10-31,SPY,685.04,685.08,679.24,682.06,87164100,0.33
2025-11-03,SPY,685.67,685.8,679.94,683.34,57315000,0.19
2025-11-04,SPY,676.11,679.96,674.58,675.24,78427000,-1.19
2025-11-05,SPY,674.98,680.86,674.17,677.58,74402400,0.35
2025-11-06,SPY,676.47,677.38,668.72,670.31,85035300,-1.07
2025-11-07,SPY,667.91,671.08,661.21,670.97,100592400,0.1
2025-11-10,SPY,677.24,682.18,675.03,681.44,75842900,1.56
2025-11-11,SPY,679.95,683.57,678.73,683.0,58953400,0.23
2025-11-12,SPY,684.79,684.96,680.95,683.38,62312500,0.06
2025-11-13,SPY,680.5,680.86,670.52,672.04,103457800,-1.66
2025-11-14,SPY,665.38,675.66,663.27,671.93,96846700,-0.02
2025-11-17,SPY,669.7,673.71,662.17,665.67,90456100,-0.93
2025-11-18,SPY,662.1,665.12,655.86,660.08,114467500,-0.84
2025-11-19,SPY,660.78,667.34,658.75,662.63,94703000,0.39
2025-11-20,SPY,672.91,675.56,651.89,652.53,165293500,-1.52
2025-11-21,SPY,655.05,664.55,650.85,659.03,123956200,1.0
2025-11-24,SPY,662.69,670.06,661.59,668.73,80437900,1.47
2025-11-25,SPY,668.63,676.21,664.48,675.02,81077100,0.94
2025-11-26,SPY,677.63,681.7,676.72,679.68,71879600,0.69
2025-11-28,SPY,680.86,683.67,680.5,683.39,49212000,0.55
2025-12-01,SPY,678.81,682.99,678.74,680.27,61201200,-0.46
2025-12-02,SPY,681.92,683.82,679.33,681.53,62953800,0.19
2025-12-03,SPY,680.57,684.91,679.69,683.89,57238500,0.35
2025-12-04,SPY,685.3,685.37,681.34,684.39,61970300,0.07
2025-12-05,SPY,685.47,688.39,684.58,685.69,79241000,0.19
2025-12-08,SPY,686.59,686.64,681.57,683.63,55231500,-0.3
2025-12-09,SPY,683.15,685.39,682.59,683.04,58310100,-0.09
2025-12-10,SPY,682.56,688.97,681.31,687.57,85671300,0.66
2025-12-11,SPY,685.14,689.25,682.17,689.17,86173700,0.23
2025-12-12,SPY,688.17,688.88,679.17,681.76,113160300,-1.08
2025-12-15,SPY,685.74,685.76,679.25,680.73,90811000,-0.15
2025-12-16,SPY,679.23,681.08,674.98,678.87,122030600,-0.27
2025-12-17,SPY,679.89,680.44,671.2,671.4,110625200,-1.1
2025-12-18,SPY,677.6,680.74,674.9,676.47,108650100,0.76
2025-12-19,SPY,676.59,681.09,676.47,680.59,103599500,0.61
2025-12-22,SPY,683.94,685.36,680.59,684.83,69556700,0.62
2025-12-23,SPY,683.92,688.2,683.87,687.96,64840000,0.46
2025-12-24,SPY,687.95,690.83,687.8,690.38,39445600,0.35
2025-12-26,SPY,690.64,691.66,689.27,690.31,41613300,-0.01
2025-12-29,SPY,687.54,689.2,686.07,687.85,62559500,-0.36
2025-12-30,SPY,687.45,688.56,686.58,687.01,47160700,-0.12
2025-12-31,SPY,687.14,687.36,681.71,681.92,74144800,-0.74
2026-01-02,SPY,685.71,686.87,679.82,683.17,89377200,0.18
2026-01-05,SPY,686.54,689.43,686.38,687.72,71927200,0.67
2026-01-06,SPY,687.93,692.32,687.78,691.81,69273800,0.59
2026-01-07,SPY,692.19,693.96,689.32,689.58,75588300,-0.32
2026-01-08,SPY,688.82,690.62,687.49,689.51,64019200,-0.01
2026-01-09,SPY,690.63,695.31,689.18,694.07,80125500,0.66
2026-01-12,SPY,690.68,696.09,690.63,695.16,63976000,0.16
2026-01-13,SPY,695.49,696.09,691.35,693.77,78309700,-0.2
2026-01-14,SPY,691.0,691.72,686.04,690.36,94676700,-0.49
2026-01-15,SPY,694.57,695.45,691.25,692.24,77862000,0.27
2026-01-16,SPY,693.66,694.25,690.1,691.66,79289200,-0.08
2026-01-20,SPY,681.49,684.77,676.57,677.58,111623300,-2.04
2026-01-21,SPY,679.65,688.74,678.13,685.4,127844500,1.15
2026-01-22,SPY,689.85,691.13,686.92,688.98,77112200,0.52
2026-01-23,SPY,688.15,690.96,687.16,689.23,63059600,0.04
2026-01-26,SPY,690.49,694.13,689.92,692.73,60473800,0.51
2026-01-27,SPY,694.18,696.53,693.57,695.49,55506100,0.4
2026-01-28,SPY,697.05,697.84,693.94,695.42,61172200,-0.01
2026-01-29,SPY,696.39,697.06,684.83,694.04,97486200,-0.2
2026-01-30,SPY,691.79,694.21,687.12,691.97,101835100,-0.3
2026-02-02,SPY,689.58,696.93,689.42,695.41,79286500,0.5
2026-02-03,SPY,696.21,696.96,684.03,689.53,107904600,-0.85
2026-02-04,SPY,690.35,691.45,681.76,686.19,105204600,-0.48
2026-02-05,SPY,680.94,683.69,675.79,677.62,113610800,-1.25
2026-02-06,SPY,681.46,692.31,680.85,690.62,89127600,1.92
2026-02-09,SPY,689.42,695.87,688.34,693.95,73885200,0.48
2026-02-10,SPY,694.95,696.54,691.66,692.12,65185700,-0.26
2026-02-11,SPY,696.39,697.14,689.18,691.96,76353900,-0.02
2026-02-12,SPY,694.24,695.35,680.37,681.27,118829000,-1.54
2026-02-13,SPY,681.69,686.28,677.52,681.75,96267500,0.07
2026-02-17,SPY,680.14,684.94,675.78,682.85,81354700,0.16
2026-02-18,SPY,684.02,689.15,682.83,686.29,73570300,0.5
2026-02-19,SPY,683.84,686.18,681.55,684.48,58649400,-0.26
2026-02-20,SPY,682.32,690.06,681.73,689.43,100034000,0.72
2026-02-23,SPY,687.83,690.0,680.37,682.39,90558100,-1.02
2026-02-24,SPY,681.9,688.35,680.0,687.35,73798700,0.73
2026-02-25,SPY,690.18,693.68,690.1,693.15,56369500,0.84
2026-02-26,SPY,693.28,693.3,684.35,689.3,71671000,-0.56
2026-02-27,SPY,683.09,686.86,681.64,685.99,83105100,-0.48
2025-01-02,SPYM,69.33,69.53,68.29,68.77,11112000,
2025-01-03,SPYM,69.11,69.71,68.99,69.63,5382000,1.25
2025-01-06,SPYM,70.13,70.55,69.83,70.03,6362200,0.57
2025-01-07,SPYM,70.28,70.32,69.03,69.27,8444900,-1.09
2025-01-08,SPYM,69.27,69.47,68.84,69.33,8777400,0.09
2025-01-10,SPYM,68.92,68.92,68.06,68.3,8750400,-1.49
2025-01-13,SPYM,67.73,68.44,67.68,68.41,10792700,0.16
2025-01-14,SPYM,68.74,68.82,68.04,68.48,7405900,0.1
2025-01-15,SPYM,69.45,69.87,69.31,69.72,6905600,1.81
2025-01-16,SPYM,69.91,69.91,69.52,69.6,4115200,-0.17
2025-01-17,SPYM,70.22,70.51,70.07,70.29,3979500,0.99
2025-01-21,SPYM,70.66,70.94,70.43,70.94,12447500,0.92
2025-01-22,SPYM,71.28,71.51,71.22,71.34,8732400,0.56
2025-01-23,SPYM,71.27,71.73,71.23,71.73,5222700,0.55
2025-01-24,SPYM,71.75,71.85,71.39,71.51,9425900,-0.31
2025-01-27,SPYM,69.97,70.54,69.96,70.52,9045400,-1.38
2025-01-28,SPYM,70.64,71.22,70.26,71.12,4712400,0.85
2025-01-29,SPYM,71.02,71.07,70.5,70.8,4662500,-0.45
2025-01-30,SPYM,71.04,71.36,70.67,71.16,6473500,0.51
2025-01-31,SPYM,71.47,71.76,70.71,70.8,7291800,-0.51
2025-02-03,SPYM,69.72,70.61,69.47,70.31,10211700,-0.69
2025-02-04,SPYM,70.32,70.85,70.27,70.79,5342200,0.68
2025-02-05,SPYM,70.67,71.1,70.42,71.09,11551200,0.42
2025-02-06,SPYM,71.28,71.35,70.9,71.33,4584400,0.34
2025-02-07,SPYM,71.4,71.54,70.59,70.68,5876100,-0.91
2025-02-10,SPYM,71.06,71.23,70.91,71.15,4843300,0.66
2025-02-11,SPYM,70.89,71.27,70.88,71.2,3029600,0.07
2025-02-12,SPYM,70.5,71.11,70.42,70.98,7367800,-0.31
2025-02-13,SPYM,71.11,71.75,70.97,71.73,6285100,1.06
2025-02-14,SPYM,71.76,71.88,71.66,71.72,3909500,-0.01
2025-02-18,SPYM,71.87,71.93,71.57,71.93,6477100,0.29
2025-02-19,SPYM,71.77,72.14,71.71,72.1,3591300,0.24
2025-02-20,SPYM,71.94,71.96,71.42,71.8,4717300,-0.42
2025-02-21,SPYM,71.79,71.79,70.53,70.59,7551300,-1.69
2025-02-24,SPYM,70.82,70.94,70.17,70.26,6318500,-0.47
2025-02-25,SPYM,70.25,70.33,69.36,69.91,11745400,-0.5
2025-02-26,SPYM,70.11,70.53,69.63,69.92,6603400,0.01
2025-02-27,SPYM,70.22,70.35,68.78,68.83,11242900,-1.56
2025-02-28,SPYM,68.88,69.96,68.52,69.89,8674800,1.54
2025-03-03,SPYM,70.12,70.27,68.22,68.7,11575700,-1.7
2025-03-04,SPYM,68.2,68.86,67.33,67.87,15305800,-1.21
2025-03-05,SPYM,67.83,68.8,67.42,68.6,13822900,1.08
2025-03-06,SPYM,67.7,68.24,67.07,67.39,11780700,-1.76
2025-03-07,SPYM,67.16,67.91,66.55,67.75,12978500,0.53
2025-03-10,SPYM,66.77,66.99,65.35,65.95,14440300,-2.66
2025-03-11,SPYM,65.8,66.2,64.94,65.42,14192400,-0.8
2025-03-12,SPYM,66.13,66.24,65.14,65.75,13500200,0.5
2025-03-13,SPYM,65.7,65.76,64.67,64.88,10597900,-1.32
2025-03-14,SPYM,65.42,66.32,65.36,66.2,5710500,2.03
2025-03-17,SPYM,66.19,67.02,66.16,66.7,8364900,0.76
2025-03-18,SPYM,66.45,66.46,65.77,66.01,7941500,-1.03
2025-03-19,SPYM,66.21,67.16,66.06,66.7,17009100,1.05
2025-03-20,SPYM,66.27,67.11,66.2,66.56,8442700,-0.21
2025-03-21,SPYM,65.98,66.65,65.84,66.57,6516600,0.02
2025-03-24,SPYM,67.35,67.86,67.29,67.73,7825500,1.74
2025-03-25,SPYM,67.89,68.01,67.7,67.88,9865100,0.22
2025-03-26,SPYM,67.85,67.99,66.92,67.11,6739100,-1.13
2025-03-27,SPYM,66.93,67.36,66.65,66.91,21847900,-0.3
2025-03-28,SPYM,66.5,66.6,65.28,65.37,11661900,-2.3
2025-03-31,SPYM,64.66,65.93,64.32,65.76,12796000,0.6
2025-04-01,SPYM,65.55,66.2,65.11,65.99,9564100,0.35
2025-04-02,SPYM,65.28,66.72,65.26,66.39,17441200,0.61
2025-04-03,SPYM,64.11,64.44,63.16,63.24,13124000,-4.74
2025-04-04,SPYM,61.58,61.84,59.4,59.45,24547800,-5.99
2025-04-07,SPYM,57.51,61.52,56.67,59.33,61068800,-0.2
2025-04-08,SPYM,61.38,61.74,57.54,58.41,35064400,-1.55
2025-04-09,SPYM,58.04,64.25,57.99,63.93,36759700,9.45
2025-04-10,SPYM,62.59,62.74,59.93,61.7,27605900,-3.49
2025-04-11,SPYM,61.51,63.09,61.17,62.8,12817200,1.78
2025-04-14,SPYM,63.98,64.02,62.79,63.38,11503600,0.92
2025-04-15,SPYM,63.48,63.89,63.13,63.22,8413600,-0.25
2025-04-16,SPYM,62.53,62.93,61.19,61.83,9793300,-2.2
2025-04-17,SPYM,62.04,62.47,61.62,61.92,20003800,0.15
2025-04-21,SPYM,61.29,61.35,59.81,60.46,9368100,-2.36
2025-04-22,SPYM,61.17,62.24,61.06,61.97,9694700,2.5
2025-04-23,SPYM,63.55,64.13,62.79,62.97,11120600,1.61
2025-04-24,SPYM,63.14,64.37,62.99,64.28,6931200,2.08
2025-04-25,SPYM,64.3,64.81,63.95,64.74,5002500,0.72
2025-04-28,SPYM,64.86,65.1,64.11,64.8,7176100,0.09
2025-04-29,SPYM,64.57,65.33,64.53,65.17,17292600,0.57
2025-04-30,SPYM,64.4,65.45,63.7,65.2,7335900,0.05
2025-05-01,SPYM,65.91,66.35,65.62,65.69,5549200,0.75
2025-05-02,SPYM,66.43,66.85,66.15,66.64,6219700,1.45
2025-05-05,SPYM,66.18,66.65,66.07,66.29,15042500,-0.53
2025-05-06,SPYM,65.63,66.26,65.51,65.74,5953700,-0.83
2025-05-07,SPYM,65.9,66.31,65.4,66.02,5271400,0.43
2025-05-08,SPYM,66.49,67.08,66.07,66.45,7373900,0.65
2025-05-09,SPYM,66.64,66.75,66.2,66.38,4641200,-0.11
2025-05-12,SPYM,68.4,68.57,67.87,68.56,7728700,3.28
2025-05-13,SPYM,68.63,69.29,68.56,69.03,10056500,0.69
2025-05-14,SPYM,69.15,69.28,68.87,69.11,8112600,0.12
2025-05-15,SPYM,68.88,69.51,68.83,69.45,5238300,0.49
2025-05-16,SPYM,69.55,69.93,69.32,69.9,4812700,0.65
2025-05-19,SPYM,69.18,70.05,69.18,69.97,6085700,0.1
2025-05-20,SPYM,69.76,69.88,69.36,69.73,12248500,-0.34
2025-05-21,SPYM,69.23,69.7,68.44,68.57,6339000,-1.66
2025-05-22,SPYM,68.53,69.0,68.39,68.57,5365300,0.0
2025-05-23,SPYM,67.74,68.43,67.7,68.13,6505600,-0.64
2025-05-27,SPYM,68.94,69.55,68.73,69.52,5334400,2.04
2025-05-28,SPYM,69.59,69.72,69.04,69.12,8021500,-0.58
2025-05-29,SPYM,69.76,69.78,68.94,69.4,5453800,0.41
2025-05-30,SPYM,69.27,69.53,68.61,69.33,12478300,-0.1
2025-06-02,SPYM,69.15,69.72,68.83,69.71,8138500,0.55
2025-06-03,SPYM,69.69,70.24,69.61,70.13,13012900,0.6
2025-06-04,SPYM,70.22,70.33,70.05,70.09,5467600,-0.06
2025-06-05,SPYM,70.3,70.46,69.53,69.76,18299800,-0.47
2025-06-06,SPYM,70.41,70.67,70.22,70.47,4822800,1.02
2025-06-09,SPYM,70.55,70.73,70.4,70.53,5331400,0.09
2025-06-10,SPYM,70.6,70.98,70.48,70.94,7752900,0.58
2025-06-11,SPYM,71.08,71.18,70.5,70.74,17067600,-0.28
2025-06-12,SPYM,70.59,71.01,70.53,71.01,6118300,0.38
2025-06-13,SPYM,70.41,70.8,70.05,70.22,16005800,-1.11
2025-06-16,SPYM,70.62,71.1,70.62,70.9,11325600,0.97
2025-06-17,SPYM,70.6,70.79,70.21,70.3,13608600,-0.85
2025-06-18,SPYM,70.4,70.73,70.16,70.28,5608800,-0.03
2025-06-20,SPYM,70.61,70.72,69.95,70.11,20318800,-0.24
2025-06-23,SPYM,70.2,70.85,69.84,70.79,7893800,0.97
2025-06-24,SPYM,71.3,71.72,71.19,71.59,13397200,1.13
2025-06-25,SPYM,71.73,71.79,71.45,71.63,5703600,0.06
2025-06-26,SPYM,71.86,72.24,71.78,72.19,11291100,0.78
2025-06-27,SPYM,72.11,72.51,71.86,72.32,20132200,0.18
2025-06-30,SPYM,72.62,72.84,72.36,72.69,8301900,0.51
2025-07-01,SPYM,72.5,72.79,72.4,72.65,15607400,-0.06
2025-07-02,SPYM,72.62,72.99,72.53,72.97,14703400,0.44
2025-07-03,SPYM,73.22,73.67,73.22,73.57,2934700,0.82
2025-07-07,SPYM,73.33,73.41,72.69,73.03,7609000,-0.73
2025-07-08,SPYM,73.1,73.18,72.88,72.97,5654900,-0.08
2025-07-09,SPYM,73.26,73.49,73.05,73.41,5010700,0.6
2025-07-10,SPYM,73.43,73.75,73.29,73.63,21830300,0.3
2025-07-11,SPYM,73.27,73.5,73.13,73.35,4079000,-0.38
2025-07-14,SPYM,73.31,73.55,73.15,73.5,4010200,0.2
2025-07-15,SPYM,73.83,73.86,73.18,73.18,6598900,-0.44
2025-07-16,SPYM,73.38,73.49,72.71,73.43,6313100,0.34
2025-07-17,SPYM,73.45,73.93,73.44,73.86,5302800,0.59
2025-07-18,SPYM,74.03,74.03,73.7,73.84,6533000,-0.03
2025-07-21,SPYM,73.97,74.3,73.92,73.96,4530900,0.16
2025-07-22,SPYM,74.01,74.07,73.67,73.98,6862900,0.03
2025-07-23,SPYM,74.3,74.61,74.08,74.59,9341900,0.82
2025-07-24,SPYM,74.66,74.83,74.58,74.65,11271400,0.08
2025-07-25,SPYM,74.72,75.01,74.69,74.93,4422500,0.38
2025-07-28,SPYM,75.01,75.06,74.77,74.93,5370500,0.0
2025-07-29,SPYM,75.1,75.13,74.63,74.74,7606700,-0.25
2025-07-30,SPYM,74.82,75.02,74.3,74.65,7688100,-0.12
2025-07-31,SPYM,75.22,75.28,74.21,74.34,8290100,-0.42
2025-08-01,SPYM,73.67,73.68,72.86,73.15,11786500,-1.6
2025-08-04,SPYM,73.6,74.26,73.6,74.25,5849600,1.5
2025-08-05,SPYM,74.33,74.42,73.77,73.89,7194300,-0.48
2025-08-06,SPYM,74.01,74.52,73.9,74.44,13983900,0.74
2025-08-07,SPYM,74.85,74.94,74.01,74.39,7119000,-0.07
2025-08-08,SPYM,74.6,75.02,74.57,74.96,5185300,0.77
2025-08-11,SPYM,75.0,75.17,74.67,74.8,7613100,-0.21
2025-08-12,SPYM,75.1,75.64,74.92,75.62,7750500,1.1
2025-08-13,SPYM,75.88,76.03,75.62,75.86,6822700,0.32
2025-08-14,SPYM,75.63,75.96,75.57,75.88,5374600,0.03
2025-08-15,SPYM,76.01,76.01,75.59,75.71,6154000,-0.22
2025-08-18,SPYM,75.64,75.77,75.55,75.69,7861000,-0.03
2025-08-19,SPYM,75.67,75.78,75.13,75.27,6596700,-0.55
2025-08-20,SPYM,75.23,75.25,74.47,75.07,9371500,-0.27
2025-08-21,SPYM,74.85,75.06,74.57,74.77,7924500,-0.4
2025-08-22,SPYM,75.04,76.07,74.97,75.91,6186600,1.52
2025-08-25,SPYM,75.78,75.92,75.59,75.6,8281100,-0.41
2025-08-26,SPYM,75.56,75.95,75.48,75.91,9712000,0.41
2025-08-27,SPYM,75.84,76.17,75.83,76.09,8880800,0.24
2025-08-28,SPYM,76.16,76.42,75.94,76.36,9879800,0.35
2025-08-29,SPYM,76.18,76.21,75.68,75.9,9762500,-0.6
2025-09-02,SPYM,75.0,75.35,74.7,75.34,12251600,-0.74
2025-09-03,SPYM,75.62,75.8,75.36,75.73,12934400,0.52
2025-09-04,SPYM,75.82,76.37,75.71,76.37,8641200,0.85
2025-09-05,SPYM,76.66,76.74,75.7,76.15,10020600,-0.29
2025-09-08,SPYM,76.32,76.46,76.16,76.35,8104300,0.26
2025-09-09,SPYM,76.37,76.58,76.15,76.52,6444400,0.22
2025-09-10,SPYM,76.91,77.02,76.55,76.75,6473500,0.3
2025-09-11,SPYM,76.97,77.46,76.91,77.37,8949200,0.81
2025-09-12,SPYM,77.38,77.55,77.3,77.35,5851200,-0.03
2025-09-15,SPYM,77.62,77.79,77.58,77.75,13779200,0.52
2025-09-16,SPYM,77.84,77.87,77.57,77.66,7476900,-0.12
2025-09-17,SPYM,77.67,77.86,76.99,77.56,8831000,-0.13
2025-09-18,SPYM,77.89,78.24,77.7,77.92,8394000,0.46
2025-09-19,SPYM,78.15,78.4,77.92,78.3,18159600,0.49
2025-09-22,SPYM,78.13,78.74,78.13,78.68,9015200,0.49
2025-09-23,SPYM,78.67,78.74,78.11,78.27,13251300,-0.52
2025-09-24,SPYM,78.4,78.41,77.83,78.0,18816700,-0.34
2025-09-25,SPYM,77.64,77.8,77.22,77.64,6968900,-0.46
2025-09-26,SPYM,77.59,77.92,77.4,77.85,7538600,0.27
2025-09-29,SPYM,78.16,78.25,77.86,78.07,6601700,0.28
2025-09-30,SPYM,77.99,78.42,77.83,78.34,6086400,0.35
2025-10-01,SPYM,78.01,78.74,78.0,78.63,11770400,0.37
2025-10-02,SPYM,78.86,78.88,78.43,78.72,11040300,0.11
2025-10-03,SPYM,78.82,79.13,78.6,78.73,9134200,0.01
2025-10-06,SPYM,79.01,79.11,78.75,79.01,5961900,0.36
2025-10-07,SPYM,79.12,79.17,78.54,78.72,18296700,-0.37
2025-10-08,SPYM,78.86,79.19,78.76,79.18,5219100,0.58
2025-10-09,SPYM,79.23,79.28,78.72,78.96,5709700,-0.28
2025-10-10,SPYM,79.07,79.28,76.79,76.84,19456000,-2.68
2025-10-13,SPYM,77.72,78.18,77.62,78.0,8761100,1.51
2025-10-14,SPYM,77.31,78.33,76.84,77.91,12231300,-0.12
2025-10-15,SPYM,78.45,78.84,77.52,78.24,9446600,0.42
2025-10-16,SPYM,78.45,78.67,77.31,77.73,19336700,-0.65
2025-10-17,SPYM,77.58,78.31,77.43,78.16,17256200,0.55
2025-10-20,SPYM,78.5,79.08,78.5,78.97,5714700,1.04
2025-10-21,SPYM,78.99,79.17,78.82,78.97,6196100,0.0
2025-10-22,SPYM,79.06,79.06,78.03,78.55,11173300,-0.53
2025-10-23,SPYM,78.6,79.14,78.57,79.01,7990000,0.59
2025-10-24,SPYM,79.58,79.82,79.49,79.67,6816400,0.84
2025-10-27,SPYM,80.32,80.65,80.25,80.61,5419900,1.18
2025-10-28,SPYM,80.83,81.05,80.57,80.82,9940500,0.26
2025-10-29,SPYM,81.03,81.14,80.34,80.86,13017700,0.05
2025-10-30,SPYM,80.45,80.69,79.98,80.0,13410000,-1.06
2025-10-31,SPYM,80.45,80.6,79.91,80.24,3589400,0.3
2025-11-03,SPYM,80.67,80.68,79.99,80.39,7541100,0.19
2025-11-04,SPYM,79.53,79.99,79.36,79.45,6593500,-1.17
2025-11-05,SPYM,79.41,80.1,79.32,79.71,5133300,0.33
2025-11-06,SPYM,79.58,79.69,78.67,78.85,8652700,-1.08
2025-11-07,SPYM,78.57,78.94,77.78,78.93,7787200,0.1
2025-11-10,SPYM,79.67,80.25,79.42,80.16,7052500,1.56
2025-11-11,SPYM,80.0,80.42,79.85,80.33,6783100,0.21
2025-11-12,SPYM,80.57,80.58,80.12,80.38,5380900,0.06
2025-11-13,SPYM,80.06,80.1,78.89,79.06,8011700,-1.64
2025-11-14,SPYM,78.28,79.48,78.03,79.05,7645500,-0.01
2025-11-17,SPYM,78.79,79.25,77.91,78.32,7528000,-0.92
2025-11-18,SPYM,77.89,78.24,77.16,77.68,16446800,-0.82
2025-11-19,SPYM,77.74,78.51,77.5,77.96,8128000,0.36
2025-11-20,SPYM,79.17,79.48,76.69,76.77,13553900,-1.53
2025-11-21,SPYM,77.06,78.17,76.57,77.53,15339400,0.99
2025-11-24,SPYM,77.96,78.83,77.84,78.74,25927300,1.56
2025-11-25,SPYM,78.67,79.56,78.18,79.42,9045800,0.86
2025-11-26,SPYM,79.72,80.2,79.63,79.96,7148700,0.68
2025-11-28,SPYM,80.12,80.43,80.07,80.39,2746000,0.54
2025-12-01,SPYM,79.87,80.36,79.86,80.03,14590800,-0.45
2025-12-02,SPYM,80.22,80.45,79.92,80.18,13856000,0.19
2025-12-03,SPYM,80.07,80.58,79.97,80.46,11103200,0.35
2025-12-04,SPYM,80.63,80.64,80.17,80.53,17349300,0.09
2025-12-05,SPYM,80.65,80.99,80.54,80.66,7402400,0.16
2025-12-08,SPYM,80.78,80.79,80.19,80.43,6827700,-0.29
2025-12-09,SPYM,80.37,80.64,80.32,80.36,6339900,-0.09
2025-12-10,SPYM,80.3,81.09,80.16,80.88,8370800,0.65
2025-12-11,SPYM,80.62,81.09,80.26,81.07,7541200,0.23
2025-12-12,SPYM,80.99,81.05,79.91,80.22,28968700,-1.05
2025-12-15,SPYM,80.69,80.69,79.91,80.09,7667500,-0.16
2025-12-16,SPYM,79.92,80.12,79.42,79.87,10676600,-0.27
2025-12-17,SPYM,80.0,80.06,78.96,78.96,8011500,-1.14
2025-12-18,SPYM,79.72,80.09,79.4,79.58,8433500,0.79
2025-12-19,SPYM,79.84,80.37,79.83,80.3,7121700,0.9
2025-12-22,SPYM,80.71,80.87,80.55,80.81,35919000,0.64
2025-12-23,SPYM,80.7,81.21,80.7,81.18,17078000,0.46
2025-12-24,SPYM,81.19,81.52,81.17,81.46,3478400,0.34
2025-12-26,SPYM,81.26,81.38,81.1,81.22,9292300,-0.29
2025-12-29,SPYM,80.9,81.09,80.72,80.92,10155700,-0.37
2025-12-30,SPYM,80.89,81.02,80.78,80.82,11360400,-0.12
2025-12-31,SPYM,80.85,80.87,80.21,80.22,6423300,-0.74
2026-01-02,SPYM,80.69,80.82,79.99,80.39,12491000,0.21
2026-01-05,SPYM,80.79,81.12,80.77,80.92,10302300,0.66
2026-01-06,SPYM,80.94,81.46,80.93,81.41,21487100,0.61
2026-01-07,SPYM,81.44,81.65,81.11,81.14,16068400,-0.33
2026-01-08,SPYM,81.04,81.25,80.89,81.12,6645500,-0.02
2026-01-09,SPYM,81.25,81.8,81.09,81.66,7640800,0.67
2026-01-12,SPYM,81.26,81.9,81.26,81.8,11456900,0.17
2026-01-13,SPYM,81.84,81.9,81.35,81.62,13722000,-0.22
2026-01-14,SPYM,81.3,81.39,80.74,81.24,8692800,-0.47
2026-01-15,SPYM,81.73,81.83,81.34,81.44,8417100,0.25
2026-01-16,SPYM,81.62,81.68,81.2,81.38,7494700,-0.07
2026-01-20,SPYM,80.19,80.57,79.61,79.72,16440900,-2.04
2026-01-21,SPYM,79.97,81.04,79.79,80.64,17975800,1.15
2026-01-22,SPYM,81.17,81.32,80.83,81.06,7805100,0.52
2026-01-23,SPYM,80.97,81.3,80.86,81.1,6556600,0.05
2026-01-26,SPYM,81.25,81.67,81.18,81.51,7388600,0.51
2026-01-27,SPYM,81.68,81.96,81.61,81.85,5593400,0.42
2026-01-28,SPYM,82.02,82.11,81.66,81.83,10080600,-0.02
2026-01-29,SPYM,81.93,82.01,80.58,81.65,7825300,-0.22
2026-01-30,SPYM,81.39,81.68,80.85,81.4,8101700,-0.31
2026-02-02,SPYM,81.14,82.01,81.12,81.84,8184900,0.54
2026-02-03,SPYM,81.93,82.01,80.49,81.13,9815700,-0.87
2026-02-04,SPYM,81.23,81.35,80.22,80.74,17708000,-0.48
2026-02-05,SPYM,80.12,80.44,79.52,79.71,13653300,-1.28
2026-02-06,SPYM,80.19,81.46,80.12,81.27,10100100,1.96
2026-02-09,SPYM,81.13,81.88,81.0,81.65,19580400,0.47
2026-02-10,SPYM,81.77,81.96,81.38,81.43,7695900,-0.27
2026-02-11,SPYM,81.95,82.02,81.1,81.42,10380600,-0.01
2026-02-12,SPYM,81.7,81.82,80.06,80.16,13391500,-1.55
2026-02-13,SPYM,80.21,80.75,79.73,80.2,11640200,0.05
2026-02-17,SPYM,80.03,80.59,79.52,80.33,11551000,0.16
2026-02-18,SPYM,80.49,81.09,80.35,80.75,8135100,0.52
2026-02-19,SPYM,80.47,80.74,80.2,80.55,8579800,-0.25
2026-02-20,SPYM,80.28,81.19,80.23,81.11,13513900,0.7
2026-02-23,SPYM,80.93,81.18,80.06,80.29,16686500,-1.01
2026-02-24,SPYM,80.24,81.0,80.02,80.89,7907100,0.75
2026-02-25,SPYM,81.21,81.62,81.21,81.56,13076000,0.83
2026-02-26,SPYM,81.58,81.58,80.53,81.13,16732600,-0.53
2026-02-27,SPYM,80.37,80.82,80.21,80.76,17478800,-0.46
2025-01-02,TSLA,390.1,392.73,373.04,379.28,109710700,
2025-01-03,TSLA,381.48,411.88,379.45,410.44,95423300,8.22
2025-01-06,TSLA,423.2,426.43,401.7,411.05,85516500,0.15
2025-01-07,TSLA,405.83,414.33,390.0,394.36,75699500,-4.06
2025-01-08,TSLA,392.95,402.5,387.4,394.94,73038800,0.15
2025-01-10,TSLA,391.4,399.28,377.29,394.74,62287300,-0.05
2025-01-13,TSLA,383.21,403.79,380.07,403.31,67580500,2.17
2025-01-14,TSLA,414.34,422.64,394.54,396.36,84565000,-1.72
2025-01-15,TSLA,409.9,429.8,405.66,428.22,81375500,8.04
2025-01-16,TSLA,423.49,424.0,409.13,413.82,68335200,-3.36
2025-01-17,TSLA,421.5,439.74,419.75,426.5,94991400,3.06
2025-01-21,TSLA,432.64,433.2,406.31,424.07,87320900,-0.57
2025-01-22,TSLA,416.81,428.0,414.59,415.11,60963300,-2.11
2025-01-23,TSLA,416.06,420.73,408.95,412.38,50690600,-0.66
2025-01-24,TSLA,414.45,418.88,405.78,406.58,56427100,-1.41
2025-01-27,TSLA,394.8,406.69,389.0,397.15,58125500,-2.32
2025-01-28,TSLA,396.91,400.59,386.5,398.09,48910700,0.24
2025-01-29,TSLA,395.21,398.59,384.48,389.1,68033600,-2.26
2025-01-30,TSLA,410.78,412.5,384.41,400.28,98092900,2.87
2025-01-31,TSLA,401.53,419.99,401.34,404.6,83283600,1.08
2025-02-03,TSLA,386.68,389.17,374.36,383.68,93732100,-5.17
2025-02-04,TSLA,382.63,394.0,381.4,392.21,57072200,2.22
2025-02-05,TSLA,387.51,388.39,375.53,378.17,57223300,-3.58
2025-02-06,TSLA,373.03,375.4,363.18,374.32,77918200,-1.02
2025-02-07,TSLA,370.19,380.55,360.34,361.62,70298300,-3.39
2025-02-10,TSLA,356.21,362.7,350.51,350.73,77514900,-3.01
2025-02-11,TSLA,345.8,349.37,325.1,328.5,118543400,-6.34
2025-02-12,TSLA,329.94,346.4,329.12,336.51,105382700,2.44
2025-02-13,TSLA,345.0,358.69,342.85,355.94,89441500,5.77
2025-02-14,TSLA,360.62,362.0,347.5,355.84,68277300,-0.03
2025-02-18,TSLA,355.01,359.1,350.02,354.11,51631700,-0.49
2025-02-19,TSLA,354.0,367.34,353.67,360.56,67094400,1.82
2025-02-20,TSLA,361.51,362.3,348.0,354.4,45965400,-1.71
2025-02-21,TSLA,353.44,354.98,334.42,337.8,74058600,-4.68
2025-02-24,TSLA,338.14,342.4,324.7,330.53,76052300,-2.15
2025-02-25,TSLA,327.02,328.89,297.25,302.8,134228800,-8.39
2025-02-26,TSLA,303.71,309.0,288.04,290.8,100118300,-3.96
2025-02-27,TSLA,291.16,297.23,280.88,281.95,101748200,-3.04
2025-02-28,TSLA,279.5,293.88,273.6,292.98,115697000,3.91
2025-03-03,TSLA,300.34,303.94,277.3,284.65,115551400,-2.84
2025-03-04,TSLA,270.93,284.35,261.84,272.04,126706600,-4.43
2025-03-05,TSLA,272.92,279.55,267.71,279.1,94042900,2.6
2025-03-06,TSLA,272.06,272.65,260.02,263.45,98451600,-5.61
2025-03-07,TSLA,259.32,266.25,250.73,262.67,102369600,-0.3
2025-03-10,TSLA,252.54,253.37,220.0,222.15,189076900,-15.43
2025-03-11,TSLA,225.31,237.06,217.02,230.58,174896400,3.79
2025-03-12,TSLA,247.22,251.84,241.1,248.09,142215700,7.59
2025-03-13,TSLA,248.13,248.29,232.6,240.68,114813500,-2.99
2025-03-14,TSLA,247.31,251.58,240.73,249.98,100242300,3.86
2025-03-17,TSLA,245.06,245.4,232.8,238.01,111900600,-4.79
2025-03-18,TSLA,228.16,230.1,222.28,225.31,111477600,-5.34
2025-03-19,TSLA,231.61,241.41,229.2,235.86,111993800,4.68
2025-03-20,TSLA,233.35,238.0,230.05,236.26,99028300,0.17
2025-03-21,TSLA,234.99,249.52,234.55,248.71,132728700,5.27
2025-03-24,TSLA,258.08,278.64,256.33,278.39,169079900,11.93
2025-03-25,TSLA,283.6,288.2,271.28,288.14,150361500,3.5
2025-03-26,TSLA,282.66,284.9,266.51,272.06,153629800,-5.58
2025-03-27,TSLA,272.48,291.85,271.82,273.13,162572100,0.39
2025-03-28,TSLA,275.58,276.1,260.57,263.55,123809400,-3.51
2025-03-31,TSLA,249.31,260.56,243.36,259.16,134008900,-1.67
2025-04-01,TSLA,263.8,277.45,259.25,268.46,146486900,3.59
2025-04-02,TSLA,254.6,284.99,251.27,282.76,212787800,5.33
2025-04-03,TSLA,265.29,276.3,261.51,267.28,136174300,-5.47
2025-04-04,TSLA,255.38,261.0,236.0,239.43,181229400,-10.42
2025-04-07,TSLA,223.78,252.0,214.25,233.29,183453800,-2.56
2025-04-08,TSLA,245.0,250.44,217.8,221.86,171603500,-4.9
2025-04-09,TSLA,224.69,274.69,223.88,272.2,219433400,22.69
2025-04-10,TSLA,260.0,262.49,239.33,252.4,181722600,-7.27
2025-04-11,TSLA,251.84,257.74,241.36,252.31,128948100,-0.04
2025-04-14,TSLA,258.36,261.8,245.93,252.35,100135200,0.02
2025-04-15,TSLA,249.91,258.75,247.54,254.11,79594300,0.7
2025-04-16,TSLA,247.61,251.97,233.89,241.55,112378700,-4.94
2025-04-17,TSLA,243.47,244.34,237.68,241.37,83404800,-0.07
2025-04-21,TSLA,230.26,232.21,222.79,227.5,97768000,-5.75
2025-04-22,TSLA,230.96,242.79,229.85,237.97,120858500,4.6
2025-04-23,TSLA,254.86,259.45,244.43,250.74,150381900,5.37
2025-04-24,TSLA,250.5,259.54,249.2,259.51,94464200,3.5
2025-04-25,TSLA,261.69,286.85,259.63,284.95,167560700,9.8
2025-04-28,TSLA,288.98,294.86,272.42,285.88,151731800,0.33
2025-04-29,TSLA,285.5,293.32,279.47,292.03,108906600,2.15
2025-04-30,TSLA,279.9,284.45,270.78,282.16,128961100,-3.38
2025-05-01,TSLA,280.01,290.87,279.81,280.52,99659000,-0.58
2025-05-02,TSLA,284.9,294.78,279.81,287.21,114454700,2.38
2025-05-05,TSLA,284.57,284.85,274.4,280.26,94618900,-2.42
2025-05-06,TSLA,273.11,277.73,271.35,275.35,76715800,-1.75
2025-05-07,TSLA,276.88,277.92,271.0,276.22,71592600,0.32
2025-05-08,TSLA,279.63,289.8,279.41,284.82,97539400,3.11
2025-05-09,TSLA,290.21,307.04,290.0,298.26,132387800,4.72
2025-05-12,TSLA,321.99,322.21,311.5,318.38,112826700,6.75
2025-05-13,TSLA,320.0,337.59,316.8,334.07,136992600,4.93
2025-05-14,TSLA,342.5,350.0,337.0,347.68,136997300,4.07
2025-05-15,TSLA,340.34,346.14,334.72,342.82,97882600,-1.4
2025-05-16,TSLA,346.24,351.62,342.33,349.98,95895700,2.09
2025-05-19,TSLA,336.3,343.0,333.37,342.09,88869900,-2.25
2025-05-20,TSLA,347.87,354.99,341.63,343.82,131715500,0.51
2025-05-21,TSLA,344.43,347.35,332.2,334.62,102354800,-2.68
2025-05-22,TSLA,331.9,347.27,331.39,341.04,97113400,1.92
2025-05-23,TSLA,337.92,343.18,333.21,339.34,84654800,-0.5
2025-05-27,TSLA,347.35,363.79,347.32,362.89,120146400,6.94
2025-05-28,TSLA,364.84,365.0,355.91,356.9,91404300,-1.65
2025-05-29,TSLA,365.29,367.71,356.0,358.43,88087800,0.43
2025-05-30,TSLA,355.52,363.68,345.29,346.46,123474900,-3.34
2025-06-02,TSLA,343.5,348.02,333.33,342.69,81873800,-1.09
2025-06-03,TSLA,346.6,355.4,343.04,344.27,99324500,0.46
2025-06-04,TSLA,345.1,345.6,327.33,332.05,98912100,-3.55
2025-06-05,TSLA,322.49,324.55,273.21,284.7,287499800,-14.26
2025-06-06,TSLA,298.83,305.5,291.14,295.14,164747700,3.67
2025-06-09,TSLA,285.96,309.83,281.85,308.58,140908900,4.55
2025-06-10,TSLA,314.94,327.83,310.67,326.09,151256500,5.67
2025-06-11,TSLA,334.4,335.5,322.5,326.43,122611400,0.1
2025-06-12,TSLA,323.08,332.56,316.86,319.11,105127500,-2.24
2025-06-13,TSLA,313.97,332.99,313.3,325.31,128964300,1.94
2025-06-16,TSLA,331.29,332.05,326.41,329.13,83925900,1.17
2025-06-17,TSLA,326.09,327.26,314.74,316.35,88282700,-3.88
2025-06-18,TSLA,317.31,329.32,315.45,322.05,95137700,1.8
2025-06-20,TSLA,327.95,332.36,317.78,322.16,108688000,0.03
2025-06-23,TSLA,327.54,357.54,327.48,348.68,190716800,8.23
2025-06-24,TSLA,356.17,356.26,340.44,340.47,114736200,-2.35
2025-06-25,TSLA,342.7,343.0,320.4,327.55,119845100,-3.79
2025-06-26,TSLA,324.61,331.05,323.61,325.78,80440900,-0.54
2025-06-27,TSLA,324.51,329.34,317.5,323.63,89067000,-0.66
2025-06-30,TSLA,319.9,325.58,316.6,317.66,76695100,-1.84
2025-07-01,TSLA,298.46,305.89,293.21,300.71,145085700,-5.34
2025-07-02,TSLA,312.63,316.83,303.82,315.65,119483700,4.97
2025-07-03,TSLA,317.99,318.45,312.76,315.35,58042300,-0.1
2025-07-07,TSLA,291.37,296.15,288.77,293.94,131177900,-6.79
2025-07-08,TSLA,297.0,304.05,294.35,297.81,103246700,1.32
2025-07-09,TSLA,297.55,300.15,293.55,295.88,75586800,-0.65
2025-07-10,TSLA,300.05,310.48,300.0,309.87,104365300,4.73
2025-07-11,TSLA,307.89,314.09,305.65,313.51,79236400,1.17
2025-07-14,TSLA,317.73,322.6,312.67,316.9,78043400,1.08
2025-07-15,TSLA,319.68,321.2,310.5,310.78,77556300,-1.93
2025-07-16,TSLA,312.8,323.5,312.62,321.67,97284800,3.5
2025-07-17,TSLA,323.15,324.34,317.06,319.41,73922900,-0.7
2025-07-18,TSLA,321.66,330.9,321.42,329.65,94255000,3.21
2025-07-21,TSLA,334.4,338.0,326.88,328.49,75768800,-0.35
2025-07-22,TSLA,329.74,335.41,321.55,332.11,77370400,1.1
2025-07-23,TSLA,330.9,336.2,328.67,332.56,92553800,0.14
2025-07-24,TSLA,310.0,310.15,300.41,305.3,156966000,-8.2
2025-07-25,TSLA,308.74,323.63,308.01,316.06,148227000,3.52
2025-07-28,TSLA,318.45,330.49,315.69,325.59,112673800,3.02
2025-07-29,TSLA,325.55,326.25,318.25,321.2,87358900,-1.35
2025-07-30,TSLA,322.18,324.45,311.62,319.04,83931900,-0.67
2025-07-31,TSLA,319.61,321.37,306.1,308.27,85270900,-3.38
2025-08-01,TSLA,306.21,309.31,297.82,302.63,89121400,-1.83
2025-08-04,TSLA,309.08,312.12,303.0,309.26,78683900,2.19
2025-08-05,TSLA,308.95,312.45,305.5,308.72,57961300,-0.17
2025-08-06,TSLA,307.89,320.47,306.93,319.91,78523600,3.62
2025-08-07,TSLA,319.79,322.4,316.16,322.27,66658700,0.74
2025-08-08,TSLA,321.43,335.15,320.98,329.65,91200300,2.29
2025-08-11,TSLA,335.0,346.64,334.15,339.03,105320200,2.85
2025-08-12,TSLA,345.0,345.26,332.94,340.84,80522100,0.53
2025-08-13,TSLA,341.5,348.98,338.2,339.38,67838900,-0.43
2025-08-14,TSLA,335.76,340.47,330.4,335.58,75000700,-1.12
2025-08-15,TSLA,337.66,339.3,327.02,330.56,74319800,-1.5
2025-08-18,TSLA,329.62,336.27,329.59,335.16,56956600,1.39
2025-08-19,TSLA,335.79,340.55,327.85,329.31,75956000,-1.75
2025-08-20,TSLA,329.22,331.37,314.6,323.9,77481800,-1.64
2025-08-21,TSLA,322.08,324.9,318.68,320.11,55744400,-1.17
2025-08-22,TSLA,321.66,340.25,319.69,340.01,94016300,6.22
2025-08-25,TSLA,338.9,349.53,335.03,346.6,86670000,1.94
2025-08-26,TSLA,344.93,351.9,343.72,351.67,76651600,1.46
2025-08-27,TSLA,351.94,355.39,349.16,349.6,65519000,-0.59
2025-08-28,TSLA,350.91,353.55,340.26,345.98,67903200,-1.04
2025-08-29,TSLA,347.23,348.75,331.7,333.87,81145700,-3.5
2025-09-02,TSLA,328.23,333.33,325.6,329.36,58392000,-1.35
2025-09-03,TSLA,335.2,343.33,328.51,334.09,88733300,1.44
2025-09-04,TSLA,336.15,338.89,331.48,338.53,60711000,1.33
2025-09-05,TSLA,348.0,355.87,344.68,350.84,108989800,3.64
2025-09-08,TSLA,354.64,358.44,344.84,346.4,75208300,-1.27
2025-09-09,TSLA,348.44,350.77,343.82,346.97,53816000,0.16
2025-09-10,TSLA,350.55,356.33,346.07,347.79,72121700,0.24
2025-09-11,TSLA,350.17,368.99,347.6,368.81,103756000,6.04
2025-09-12,TSLA,370.94,396.69,370.24,395.94,168156400,7.36
2025-09-15,TSLA,423.13,425.7,402.43,410.04,163823700,3.56
2025-09-16,TSLA,414.5,423.25,411.43,421.62,104285700,2.82
2025-09-17,TSLA,415.75,428.31,409.67,425.86,106133500,1.01
2025-09-18,TSLA,428.87,432.22,416.56,416.85,90454500,-2.12
2025-09-19,TSLA,421.82,429.47,421.72,426.07,93131000,2.21
2025-09-22,TSLA,431.11,444.98,429.13,434.21,97108800,1.91
2025-09-23,TSLA,439.88,440.97,423.72,425.85,83422700,-1.93
2025-09-24,TSLA,429.83,444.21,429.03,442.79,93133600,3.98
2025-09-25,TSLA,435.24,435.35,419.08,423.39,96746400,-4.38
2025-09-26,TSLA,428.3,440.47,421.02,440.4,101628200,4.02
2025-09-29,TSLA,444.35,450.98,439.5,443.21,79491500,0.64
2025-09-30,TSLA,441.52,445.0,433.12,444.72,74358000,0.34
2025-10-01,TSLA,443.8,462.29,440.75,459.46,98122300,3.31
2025-10-02,TSLA,470.54,470.75,435.57,436.0,137009000,-5.11
2025-10-03,TSLA,443.29,446.77,416.58,429.83,133188200,-1.42
2025-10-06,TSLA,440.75,453.55,436.69,453.25,85324900,5.45
2025-10-07,TSLA,447.82,452.68,432.45,433.09,102296100,-4.45
2025-10-08,TSLA,437.57,441.33,425.23,438.69,71192100,1.29
2025-10-09,TSLA,431.81,436.35,426.18,435.54,69339900,-0.72
2025-10-10,TSLA,436.54,443.13,411.45,413.49,112107900,-5.06
2025-10-13,TSLA,423.53,436.89,419.7,435.9,79552800,5.42
2025-10-14,TSLA,426.79,434.2,417.86,429.24,72669400,-1.53
2025-10-15,TSLA,434.9,440.51,426.33,435.15,71558200,1.38
2025-10-16,TSLA,434.73,439.35,421.31,428.75,77189900,-1.47
2025-10-17,TSLA,425.5,441.46,423.6,439.31,89331600,2.46
2025-10-20,TSLA,443.87,449.8,440.61,447.43,63719000,1.85
2025-10-21,TSLA,445.76,449.3,442.05,442.6,54412200,-1.08
2025-10-22,TSLA,443.45,445.54,429.0,438.97,84023500,-0.82
2025-10-23,TSLA,420.0,449.4,413.9,448.98,126709800,2.28
2025-10-24,TSLA,446.83,451.68,430.17,433.72,94727800,-3.4
2025-10-27,TSLA,439.98,460.16,438.69,452.42,105867500,4.31
2025-10-28,TSLA,454.78,467.0,451.6,460.55,80185700,1.8
2025-10-29,TSLA,462.5,465.7,452.65,461.51,67983500,0.21
2025-10-30,TSLA,451.05,455.06,439.61,440.1,72447900,-4.64
2025-10-31,TSLA,446.75,458.0,443.69,456.56,83135800,3.74
2025-11-03,TSLA,455.99,474.07,453.8,468.37,84595200,2.59
2025-11-04,TSLA,454.46,460.22,443.6,444.26,87756600,-5.15
2025-11-05,TSLA,452.05,466.33,440.71,462.07,85573000,4.01
2025-11-06,TSLA,461.96,467.45,435.09,445.91,109622900,-3.5
2025-11-07,TSLA,437.92,439.36,421.88,429.52,103471500,-3.68
2025-11-10,TSLA,439.6,449.67,433.36,445.23,76515900,3.66
2025-11-11,TSLA,439.4,442.49,432.36,439.62,60533200,-1.26
2025-11-12,TSLA,442.15,442.33,426.56,430.6,58513500,-2.05
2025-11-13,TSLA,423.13,424.5,396.34,401.99,118948000,-6.64
2025-11-14,TSLA,386.3,412.19,382.78,404.35,105506700,0.59
2025-11-17,TSLA,398.74,423.96,398.74,408.92,102214300,1.13
2025-11-18,TSLA,405.38,408.9,393.71,401.25,80688600,-1.88
2025-11-19,TSLA,406.18,411.78,398.5,403.99,72047700,0.68
2025-11-20,TSLA,414.63,428.94,394.74,395.23,113548800,-2.17
2025-11-21,TSLA,402.32,402.8,383.76,391.09,100460600,-1.05
2025-11-24,TSLA,402.17,421.72,401.09,417.78,96806400,6.82
2025-11-25,TSLA,414.42,420.48,405.95,419.4,71915600,0.39
2025-11-26,TSLA,423.95,426.94,416.89,426.58,63463000,1.71
2025-11-28,TSLA,426.59,432.93,426.2,430.17,36252900,0.84
2025-12-01,TSLA,425.32,433.66,425.29,430.14,57463600,-0.01
2025-12-02,TSLA,430.81,436.8,422.12,429.24,69336600,-0.21
2025-12-03,TSLA,432.1,447.92,431.11,446.74,87483000,4.08
2025-12-04,TSLA,449.94,454.63,445.39,454.53,71906500,1.74
2025-12-05,TSLA,453.03,458.87,451.66,455.0,56427500,0.1
2025-12-08,TSLA,447.45,449.75,435.25,439.58,69165800,-3.39
2025-12-09,TSLA,437.54,452.39,435.7,445.17,62367400,1.27
2025-12-10,TSLA,446.07,456.88,443.61,451.45,63257500,1.41
2025-12-11,TSLA,448.95,449.27,440.33,446.89,55979500,-1.01
2025-12-12,TSLA,448.09,463.01,441.67,458.96,95656700,2.7
2025-12-15,TSLA,469.44,481.77,467.66,475.31,114542200,3.56
2025-12-16,TSLA,472.21,491.5,465.83,489.88,107608100,3.07
2025-12-17,TSLA,488.22,495.28,466.2,467.26,106490400,-4.62
2025-12-18,TSLA,478.16,490.86,473.12,483.37,95168400,3.45
2025-12-19,TSLA,488.12,490.49,474.72,481.2,103305400,-0.45
2025-12-22,TSLA,489.88,498.83,485.33,488.73,86916100,1.56
2025-12-23,TSLA,489.4,491.97,482.84,485.56,58223600,-0.65
2025-12-24,TSLA,488.48,490.9,476.8,485.4,41285400,-0.03
2025-12-26,TSLA,485.23,489.09,473.82,475.19,58780700,-2.1
2025-12-29,TSLA,469.0,469.4,459.0,459.64,66263000,-3.27
2025-12-30,TSLA,461.09,463.12,453.83,454.43,59238500,-1.13
2025-12-31,TSLA,456.1,456.55,449.3,449.72,49078000,-1.04
2026-01-02,TSLA,457.8,458.34,435.3,438.07,85535400,-2.59
2026-01-05,TSLA,447.99,457.55,444.57,451.67,67940800,3.1
2026-01-06,TSLA,446.38,448.25,428.78,432.96,89093800,-4.14
2026-01-07,TSLA,435.9,438.37,431.29,431.41,59828800,-0.36
2026-01-08,TSLA,427.89,436.89,424.37,435.8,57041100,1.02
2026-01-09,TSLA,435.95,449.05,430.39,445.01,67331500,2.11
2026-01-12,TSLA,441.23,454.3,438.0,448.96,61649600,0.89
2026-01-13,TSLA,450.2,451.81,443.95,447.2,53719200,-0.39
2026-01-14,TSLA,442.81,443.91,434.22,439.2,57259500,-1.79
2026-01-15,TSLA,441.13,445.36,437.65,438.57,49465800,-0.14
2026-01-16,TSLA,439.5,447.25,435.26,437.5,60220600,-0.24
2026-01-20,TSLA,429.36,430.73,417.44,419.25,63187300,-4.17
2026-01-21,TSLA,421.66,438.2,419.62,431.44,68124000,2.91
2026-01-22,TSLA,435.16,449.5,432.63,449.36,71546700,4.15
2026-01-23,TSLA,447.43,452.43,444.04,449.06,56771400,-0.07
2026-01-26,TSLA,445.0,445.04,434.28,435.2,49397400,-3.09
2026-01-27,TSLA,437.41,437.52,430.69,430.9,37733100,-0.99
2026-01-28,TSLA,431.91,438.26,430.1,431.46,54857400,0.13
2026-01-29,TSLA,437.8,440.23,414.62,416.56,81686100,-3.45
2026-01-30,TSLA,425.35,439.88,422.7,430.41,82626100,3.32
2026-02-02,TSLA,421.29,427.15,414.5,421.81,58739500,-2.0
2026-02-03,TSLA,424.27,428.56,413.69,421.96,56886500,0.04
2026-02-04,TSLA,420.46,423.9,399.18,406.01,74606900,-3.78
2026-02-05,TSLA,397.02,402.1,387.53,397.21,72819800,-2.17
2026-02-06,TSLA,400.87,414.55,397.75,411.11,62677100,3.5
2026-02-09,TSLA,409.91,421.25,407.29,417.32,54484300,1.51
2026-02-10,TSLA,418.08,427.25,417.0,425.21,64450200,1.89
2026-02-11,TSLA,427.96,436.35,420.03,428.27,57362000,0.72
2026-02-12,TSLA,430.3,436.23,414.0,417.07,61933400,-2.62
2026-02-13,TSLA,414.31,424.06,410.88,417.44,51434100,0.09
2026-02-17,TSLA,412.36,413.72,400.51,410.63,59678800,-1.63
2026-02-18,TSLA,411.11,416.9,409.58,411.32,45921400,0.17
2026-02-19,TSLA,407.25,415.25,404.11,411.71,51019600,0.09
2026-02-20,TSLA,408.3,414.7,405.5,411.82,57912200,0.03
2026-02-23,TSLA,407.29,407.7,394.04,399.83,69680000,-2.91
2026-02-24,TSLA,399.5,410.82,397.64,409.38,58579500,2.39
2026-02-25,TSLA,412.15,420.34,412.15,417.4,54809700,1.96
2026-02-26,TSLA,414.42,416.81,403.66,408.58,53602500,-2.11
2026-02-27,TSLA,402.94,407.12,398.11,402.51,56760900,-1.49
2025-01-02,XLK,117.18,117.51,114.89,115.99,12766600,
2025-01-03,XLK,116.69,118.0,116.46,117.88,9117600,1.63
2025-01-06,XLK,119.22,120.53,118.9,119.38,8975400,1.27
2025-01-07,XLK,120.0,120.0,116.57,116.98,10006800,-2.01
2025-01-08,XLK,117.25,117.27,115.82,116.94,10023800,-0.03
2025-01-10,XLK,115.71,115.73,113.71,114.39,11665800,-2.18
2025-01-13,XLK,112.55,113.66,112.22,113.58,10656000,-0.71
2025-01-14,XLK,114.46,114.78,112.97,113.88,7220200,0.26
2025-01-15,XLK,115.43,116.49,115.06,116.14,10465400,1.99
2025-01-16,XLK,117.09,117.17,115.22,115.25,5368400,-0.77
2025-01-17,XLK,117.33,117.47,116.54,117.06,6742600,1.57
2025-01-21,XLK,117.44,118.32,116.63,118.03,6744200,0.83
2025-01-22,XLK,119.62,120.97,119.46,120.69,10243800,2.26
2025-01-23,XLK,119.76,120.93,119.65,120.91,7604400,0.18
2025-01-24,XLK,121.29,121.29,119.26,119.65,6607600,-1.04
2025-01-27,XLK,114.29,115.49,112.74,113.79,20705600,-4.9
2025-01-28,XLK,114.56,117.08,113.35,116.82,11260600,2.67
2025-01-29,XLK,116.59,116.64,114.75,115.87,9050000,-0.81
2025-01-30,XLK,115.67,116.49,114.87,116.08,8840200,0.19
2025-01-31,XLK,117.17,117.86,115.1,115.4,10741800,-0.59
2025-02-03,XLK,112.85,114.54,112.25,113.85,13752800,-1.35
2025-02-04,XLK,114.24,115.67,114.2,115.49,8371200,1.44
2025-02-05,XLK,115.6,117.12,115.23,117.1,5398000,1.39
2025-02-06,XLK,117.1,117.65,116.57,117.42,6808000,0.27
2025-02-07,XLK,117.89,118.46,116.02,116.41,8552800,-0.86
2025-02-10,XLK,117.33,118.4,117.29,118.11,6054200,1.46
2025-02-11,XLK,117.46,118.64,117.38,118.17,6456200,0.05
2025-02-12,XLK,116.5,118.05,116.37,117.91,8555600,-0.22
2025-02-13,XLK,118.12,119.65,117.96,119.58,7829600,1.42
2025-02-14,XLK,119.48,120.08,119.26,119.99,4557000,0.34
2025-02-18,XLK,120.61,121.1,120.04,121.08,6024000,0.91
2025-02-19,XLK,120.94,121.57,120.1,121.09,5604200,0.01
2025-02-20,XLK,120.97,121.14,119.43,120.71,5987400,-0.32
2025-02-21,XLK,120.74,120.79,117.38,117.43,9057600,-2.71
2025-02-24,XLK,117.89,118.22,115.61,115.75,7447600,-1.43
2025-02-25,XLK,115.51,115.61,113.47,114.25,10433600,-1.3
2025-02-26,XLK,115.38,116.59,114.61,115.5,7630600,1.09
2025-02-27,XLK,116.13,116.25,111.25,111.29,10100000,-3.64
2025-02-28,XLK,110.79,112.88,109.85,112.76,14172200,1.32
2025-03-03,XLK,113.35,113.57,108.53,109.33,12516200,-3.04
2025-03-04,XLK,108.53,111.18,107.13,109.25,17721000,-0.08
2025-03-05,XLK,109.59,111.14,108.12,110.79,11931000,1.41
2025-03-06,XLK,108.51,110.22,107.19,107.71,16432000,-2.78
2025-03-07,XLK,107.58,109.54,106.32,109.27,11263400,1.45
2025-03-10,XLK,107.11,107.31,103.54,104.62,21561800,-4.25
2025-03-11,XLK,104.31,105.96,103.14,104.2,14832800,-0.41
2025-03-12,XLK,106.06,106.76,104.57,105.84,10981600,1.57
2025-03-13,XLK,105.54,105.77,103.43,103.83,12383000,-1.9
2025-03-14,XLK,105.19,107.08,105.15,106.97,10040800,3.02
2025-03-17,XLK,106.89,108.48,106.57,107.71,10148800,0.7
2025-03-18,XLK,106.95,107.06,105.68,106.07,11486600,-1.52
2025-03-19,XLK,106.62,108.71,106.18,107.46,8838600,1.3
2025-03-20,XLK,106.24,107.86,106.07,106.69,7145200,-0.71
2025-03-21,XLK,105.36,107.12,104.97,106.98,10425400,0.27
2025-03-24,XLK,108.57,109.07,108.29,108.82,8200200,1.72
2025-03-25,XLK,108.75,109.32,108.69,109.18,7481800,0.33
2025-03-26,XLK,108.84,109.1,106.32,106.74,7873000,-2.23
2025-03-27,XLK,106.01,106.61,105.19,105.75,6577800,-0.92
2025-03-28,XLK,105.21,105.63,102.84,103.19,10667600,-2.43
2025-03-31,XLK,101.39,103.47,100.36,103.24,14219000,0.05
2025-04-01,XLK,102.83,104.08,101.99,104.0,9480200,0.73
2025-04-02,XLK,102.51,105.63,102.43,104.76,9292000,0.74
2025-04-03,XLK,99.75,100.35,97.54,97.61,19451400,-6.82
2025-04-04,XLK,94.57,95.32,91.15,91.18,33804600,-6.59
2025-04-07,XLK,87.46,95.9,86.22,91.73,44557800,0.6
2025-04-08,XLK,95.14,96.42,88.22,89.86,25811400,-2.03
2025-04-09,XLK,90.05,102.49,89.93,101.93,36988800,13.43
2025-04-10,XLK,98.43,99.1,93.86,97.18,19747600,-4.66
2025-04-11,XLK,96.7,99.6,95.97,99.18,14423200,2.05
2025-04-14,XLK,102.25,102.32,99.0,100.08,11904400,0.91
2025-04-15,XLK,100.24,101.21,99.97,100.44,7200000,0.36
2025-04-16,XLK,97.75,98.79,95.27,96.96,13222400,-3.47
2025-04-17,XLK,97.65,97.65,96.02,96.43,7480800,-0.54
2025-04-21,XLK,94.9,95.14,92.6,93.94,8973400,-2.58
2025-04-22,XLK,95.19,96.79,94.64,96.23,9312800,2.44
2025-04-23,XLK,99.92,100.97,98.61,99.02,13413800,2.9
2025-04-24,XLK,100.0,102.86,99.83,102.71,9317000,3.73
2025-04-25,XLK,102.4,104.43,102.31,104.24,6518400,1.48
2025-04-28,XLK,104.1,104.61,102.51,104.07,5574400,-0.16
2025-04-29,XLK,103.57,104.99,103.57,104.55,9144400,0.47
2025-04-30,XLK,102.5,105.38,101.9,104.99,10203800,0.42
2025-05-01,XLK,107.28,108.28,106.43,106.53,11532800,1.47
2025-05-02,XLK,107.75,108.81,107.46,108.31,8125400,1.67
2025-05-05,XLK,107.38,108.5,107.32,107.73,6757000,-0.53
2025-05-06,XLK,106.13,107.62,105.81,106.83,7958200,-0.83
2025-05-07,XLK,106.83,108.38,106.1,107.9,8169400,1.0
2025-05-08,XLK,108.97,109.97,108.0,108.93,8704400,0.95
2025-05-09,XLK,109.42,109.62,108.24,108.8,7330000,-0.12
2025-05-12,XLK,113.42,113.89,112.27,113.85,13478200,4.64
2025-05-13,XLK,114.26,116.69,114.13,116.31,12757200,2.16
2025-05-14,XLK,116.86,117.53,116.38,117.07,10248000,0.65
2025-05-15,XLK,116.43,117.89,116.29,117.22,9536400,0.14
2025-05-16,XLK,117.61,117.61,116.43,117.44,8111600,0.19
2025-05-19,XLK,115.71,117.54,115.67,117.28,11863000,-0.14
2025-05-20,XLK,116.54,116.86,115.95,116.83,10273200,-0.38
2025-05-21,XLK,115.74,117.36,114.18,114.64,18643600,-1.88
2025-05-22,XLK,114.69,115.7,114.42,114.67,11372000,0.03
2025-05-23,XLK,112.68,114.14,112.55,113.4,12004000,-1.1
2025-05-27,XLK,115.17,116.26,114.79,116.1,14208400,2.38
2025-05-28,XLK,116.24,116.71,115.45,115.62,10789200,-0.41
2025-05-29,XLK,117.37,117.49,115.22,115.82,14011800,0.17
2025-05-30,XLK,115.76,115.82,113.71,115.46,13494000,-0.31
2025-06-02,XLK,115.15,116.54,115.01,116.47,12878800,0.88
2025-06-03,XLK,116.63,118.32,116.54,118.22,14312400,1.5
2025-06-04,XLK,118.38,118.77,117.82,118.4,10899200,0.15
2025-06-05,XLK,118.75,119.79,117.56,118.07,15885200,-0.28
2025-06-06,XLK,119.21,119.73,118.84,119.18,9026000,0.94
2025-06-09,XLK,119.64,120.5,119.56,119.76,11100600,0.49
2025-06-10,XLK,119.75,120.61,119.29,120.43,9831600,0.56
2025-06-11,XLK,120.72,121.21,119.55,120.17,9599600,-0.22
2025-06-12,XLK,120.14,121.57,120.12,121.29,11210400,0.93
2025-06-13,XLK,119.88,120.79,119.14,119.58,13193800,-1.4
2025-06-16,XLK,120.31,121.88,120.31,121.52,13866200,1.62
2025-06-17,XLK,121.01,121.86,120.38,120.66,10525400,-0.71
2025-06-18,XLK,120.96,121.57,120.19,120.81,11066000,0.12
2025-06-20,XLK,121.24,121.64,119.71,120.27,11490600,-0.44
2025-06-23,XLK,120.19,121.54,119.38,121.44,12277000,0.97
2025-06-24,XLK,122.68,123.77,122.53,123.62,11329400,1.8
2025-06-25,XLK,124.26,124.86,124.15,124.68,9228600,0.85
2025-06-26,XLK,125.24,125.74,124.74,125.54,11288400,0.69
2025-06-27,XLK,125.88,126.36,124.82,125.39,12196600,-0.12
2025-06-30,XLK,126.49,126.96,125.88,126.61,13365200,0.98
2025-07-01,XLK,126.21,126.47,124.62,125.49,15144800,-0.89
2025-07-02,XLK,125.17,126.89,125.08,126.81,11950200,1.06
2025-07-03,XLK,127.5,128.87,127.45,128.48,7112800,1.32
2025-07-07,XLK,127.99,128.32,126.89,127.46,11560800,-0.79
2025-07-08,XLK,128.13,128.39,127.61,128.15,15715200,0.54
2025-07-09,XLK,128.6,129.4,127.96,128.91,12933600,0.6
2025-07-10,XLK,129.24,129.35,127.82,128.49,9988600,-0.33
2025-07-11,XLK,127.88,128.68,127.72,127.93,9239000,-0.44
2025-07-14,XLK,127.61,128.13,126.6,127.82,8125200,-0.08
2025-07-15,XLK,129.31,129.62,128.91,128.96,15657000,0.89
2025-07-16,XLK,129.0,129.43,127.4,129.35,17782600,0.31
2025-07-17,XLK,129.51,130.74,129.26,130.53,11955000,0.91
2025-07-18,XLK,131.03,131.07,130.1,130.45,10281000,-0.07
2025-07-21,XLK,130.59,131.51,130.44,130.62,9246600,0.13
2025-07-22,XLK,130.51,130.6,128.48,129.4,13448800,-0.93
2025-07-23,XLK,129.74,130.32,128.97,130.15,10091800,0.57
2025-07-24,XLK,130.46,130.95,129.96,130.7,12159600,0.42
2025-07-25,XLK,130.65,131.32,130.38,130.99,8002000,0.23
2025-07-28,XLK,131.49,132.07,131.23,132.04,11517600,0.8
2025-07-29,XLK,132.9,133.63,131.82,132.04,13739000,0.0
2025-07-30,XLK,132.18,132.79,131.3,132.34,13934600,0.22
2025-07-31,XLK,134.01,134.01,130.73,131.37,16414400,-0.73
2025-08-01,XLK,129.94,129.99,127.89,128.54,19438000,-2.16
2025-08-04,XLK,129.74,131.17,129.74,131.15,12377000,2.03
2025-08-05,XLK,131.63,131.74,129.76,130.06,11176000,-0.83
2025-08-06,XLK,130.18,131.7,130.1,131.52,10167000,1.13
2025-08-07,XLK,132.99,133.21,130.55,131.65,10318000,0.09
2025-08-08,XLK,132.14,133.11,131.79,132.96,11015800,1.0
2025-08-11,XLK,132.88,133.48,131.76,132.06,9425400,-0.68
2025-08-12,XLK,132.72,134.14,131.99,134.1,11153800,1.55
2025-08-13,XLK,134.88,135.02,133.66,134.15,13990200,0.04
2025-08-14,XLK,133.48,134.32,133.16,133.87,15484400,-0.22
2025-08-15,XLK,133.68,133.68,132.32,132.85,13373200,-0.76
2025-08-18,XLK,132.68,133.26,132.55,133.13,12233800,0.21
2025-08-19,XLK,133.09,133.12,130.57,130.81,17367000,-1.75
2025-08-20,XLK,130.48,130.48,127.92,129.93,23064200,-0.68
2025-08-21,XLK,129.61,130.13,128.9,129.46,15148600,-0.36
2025-08-22,XLK,129.32,132.07,128.96,131.21,13756000,1.36
2025-08-25,XLK,131.21,131.74,130.55,130.91,10691800,-0.22
2025-08-26,XLK,131.02,131.69,130.84,131.51,11081000,0.46
2025-08-27,XLK,131.65,132.38,131.04,132.23,11538600,0.54
2025-08-28,XLK,132.38,133.55,131.73,133.27,12380600,0.79
2025-08-29,XLK,132.68,132.71,130.74,131.23,17481200,-1.53
2025-09-02,XLK,128.9,130.02,128.14,129.9,18226000,-1.01
2025-09-03,XLK,130.57,130.93,129.7,130.68,15636600,0.6
2025-09-04,XLK,130.14,131.38,129.61,131.32,24397400,0.49
2025-09-05,XLK,132.57,132.62,130.1,131.43,38561800,0.08
2025-09-08,XLK,132.12,132.9,132.09,132.41,20556000,0.75
2025-09-09,XLK,132.71,132.81,131.73,132.67,19355000,0.19
2025-09-10,XLK,135.35,135.99,134.43,135.07,25957200,1.81
2025-09-11,XLK,135.93,136.12,135.31,135.53,23429200,0.34
2025-09-12,XLK,135.8,135.93,135.15,135.44,15612200,-0.07
2025-09-15,XLK,135.65,136.69,135.49,136.66,16268000,0.9
2025-09-16,XLK,136.98,137.07,136.02,136.18,16081400,-0.35
2025-09-17,XLK,136.1,136.26,134.31,135.71,18948600,-0.35
2025-09-18,XLK,137.48,138.46,136.81,138.06,20882600,1.73
2025-09-19,XLK,138.62,139.59,138.16,139.46,15670800,1.01
2025-09-22,XLK,139.07,141.45,139.02,141.33,15771200,1.34
2025-09-23,XLK,141.13,141.37,139.49,140.11,16456400,-0.86
2025-09-24,XLK,140.49,140.49,138.32,139.24,13471000,-0.62
2025-09-25,XLK,137.98,139.35,137.12,139.0,21349600,-0.18
2025-09-26,XLK,139.15,139.54,138.19,139.42,16534000,0.3
2025-09-29,XLK,140.22,140.96,139.84,140.16,16107400,0.53
2025-09-30,XLK,140.16,141.07,139.87,140.93,18215200,0.55
2025-10-01,XLK,140.21,142.41,140.17,142.31,17411200,0.98
2025-10-02,XLK,143.63,143.66,142.43,143.08,17607800,0.54
2025-10-03,XLK,143.21,143.94,141.87,142.36,17458000,-0.5
2025-10-06,XLK,144.28,144.72,143.73,143.8,17945600,1.01
2025-10-07,XLK,144.54,144.75,142.09,142.84,15588400,-0.67
2025-10-08,XLK,143.17,145.35,143.1,145.35,14037800,1.75
2025-10-09,XLK,145.28,145.41,144.35,145.1,11989400,-0.17
2025-10-10,XLK,145.4,145.67,139.14,139.2,44574600,-4.07
2025-10-13,XLK,142.37,143.06,141.55,142.59,22030400,2.44
2025-10-14,XLK,140.71,142.19,139.12,140.76,26956800,-1.28
2025-10-15,XLK,142.73,143.29,140.4,142.15,20937600,0.99
2025-10-16,XLK,143.18,143.81,141.29,142.26,23166200,0.07
2025-10-17,XLK,141.41,142.93,140.51,142.51,25511600,0.18
2025-10-20,XLK,143.32,144.71,143.24,144.1,13805200,1.12
2025-10-21,XLK,144.01,144.68,143.48,144.17,12503800,0.05
2025-10-22,XLK,144.1,144.42,140.95,142.74,20723200,-0.99
2025-10-23,XLK,142.18,144.77,142.18,144.54,11923400,1.26
2025-10-24,XLK,146.25,147.29,146.04,146.79,14359600,1.55
2025-10-27,XLK,148.85,149.63,148.61,149.5,15167000,1.85
2025-10-28,XLK,150.23,151.57,149.71,150.98,15055200,0.99
2025-10-29,XLK,152.35,152.99,150.93,152.07,21506200,0.72
2025-10-30,XLK,151.2,151.98,150.15,150.2,19218600,-1.23
2025-10-31,XLK,151.71,151.82,149.47,150.34,16303800,0.1
2025-11-03,XLK,151.78,152.11,150.13,150.96,13983600,0.41
2025-11-04,XLK,148.23,149.2,146.73,146.97,16722600,-2.64
2025-11-05,XLK,146.71,148.74,146.49,147.54,14447000,0.39
2025-11-06,XLK,147.31,147.47,143.84,144.58,24797400,-2.01
2025-11-07,XLK,143.35,144.12,140.8,144.08,25547000,-0.35
2025-11-10,XLK,146.65,148.04,145.9,147.76,18286400,2.56
2025-11-11,XLK,146.79,147.05,145.53,146.51,14871600,-0.85
2025-11-12,XLK,147.73,147.73,146.07,146.96,13179200,0.31
2025-11-13,XLK,146.14,146.34,142.51,143.29,22385800,-2.49
2025-11-14,XLK,140.65,145.38,140.15,144.07,27429600,0.54
2025-11-17,XLK,142.73,144.29,140.68,141.82,24675400,-1.57
2025-11-18,XLK,140.6,141.32,138.24,139.51,36747600,-1.63
2025-11-19,XLK,139.52,142.06,139.16,140.49,27668800,0.7
2025-11-20,XLK,143.72,144.26,135.76,136.07,56551800,-3.14
2025-11-21,XLK,136.3,138.42,133.74,136.6,44959000,0.39
2025-11-24,XLK,137.52,140.35,137.43,139.85,20124800,2.38
2025-11-25,XLK,138.62,140.59,136.65,140.23,21303400,0.27
2025-11-26,XLK,141.88,142.49,140.79,141.89,13358800,1.18
2025-11-28,XLK,142.19,143.13,141.8,143.11,6792200,0.86
2025-12-01,XLK,141.72,143.6,141.29,143.18,12846600,0.05
2025-12-02,XLK,144.07,145.51,143.65,144.65,15719000,1.03
2025-12-03,XLK,143.95,145.1,143.23,144.99,11623200,0.24
2025-12-04,XLK,145.19,145.79,144.49,145.54,9995200,0.37
2025-12-05,XLK,146.21,147.31,145.69,146.6,6628000,0.73
2025-12-08,XLK,147.43,148.38,146.92,147.63,8272800,0.7
2025-12-09,XLK,147.34,148.25,146.96,148.02,6978200,0.26
2025-12-10,XLK,147.69,149.22,146.82,148.73,8961100,0.48
2025-12-11,XLK,147.06,148.13,145.11,147.97,9769300,-0.51
2025-12-12,XLK,146.94,147.08,143.26,143.69,14873200,-2.89
2025-12-15,XLK,144.42,144.63,142.02,142.3,10790300,-0.97
2025-12-16,XLK,141.91,142.97,141.3,142.56,10790900,0.18
2025-12-17,XLK,142.72,142.84,139.32,139.39,18178700,-2.22
2025-12-18,XLK,141.86,142.42,140.79,141.54,12319500,1.54
2025-12-19,XLK,142.59,144.62,142.57,144.6,14265900,2.16
2025-12-22,XLK,146.01,146.01,144.65,145.16,8864500,0.39
2025-12-23,XLK,144.74,145.98,144.36,145.95,7546100,0.54
2025-12-24,XLK,145.79,146.5,145.68,146.3,3676300,0.24
2025-12-26,XLK,146.61,146.98,146.24,146.53,5052900,0.16
2025-12-29,XLK,145.35,146.38,145.04,145.87,9822300,-0.45
2025-12-30,XLK,145.85,146.26,145.38,145.41,6387400,-0.32
2025-12-31,XLK,145.71,145.8,143.9,143.97,9528400,-0.99
2026-01-02,XLK,145.63,146.52,143.41,144.3,15299500,0.23
2026-01-05,XLK,146.01,146.39,144.25,144.62,17476300,0.22
2026-01-06,XLK,145.21,146.77,144.63,146.65,14985700,1.4
2026-01-07,XLK,146.53,147.38,146.04,146.53,13957100,-0.08
2026-01-08,XLK,145.93,145.93,143.5,144.24,16870100,-1.56
2026-01-09,XLK,144.57,146.58,144.03,146.15,15652600,1.32
2026-01-12,XLK,145.19,147.29,145.05,146.79,12867200,0.44
2026-01-13,XLK,146.85,147.52,145.85,146.48,16552200,-0.21
2026-01-14,XLK,145.5,145.93,143.32,144.7,22104200,-1.22
2026-01-15,XLK,146.93,147.57,145.31,145.46,17370900,0.53
2026-01-16,XLK,146.72,146.95,145.02,145.62,14156700,0.11
2026-01-20,XLK,143.09,144.1,141.61,141.84,20029200,-2.6
2026-01-21,XLK,142.78,145.04,141.96,143.81,27892800,1.39
2026-01-22,XLK,145.61,145.7,144.16,144.88,12971600,0.74
2026-01-23,XLK,144.53,145.83,143.75,145.09,14654500,0.14
2026-01-26,XLK,145.27,146.71,144.89,146.08,10195600,0.68
2026-01-27,XLK,147.42,148.62,147.03,148.05,12436200,1.35
2026-01-28,XLK,149.0,149.9,148.61,149.23,19497400,0.8
2026-01-29,XLK,147.84,147.93,143.27,146.87,25581000,-1.58
2026-01-30,XLK,146.04,146.75,142.99,143.88,18342600,-2.04
2026-02-02,XLK,143.53,146.15,143.39,145.26,16337600,0.96
2026-02-03,XLK,145.88,145.97,140.17,142.08,30464500,-2.19
2026-02-04,XLK,140.83,141.01,136.11,138.12,45649500,-2.79
2026-02-05,XLK,137.22,138.48,135.08,135.63,42950900,-1.8
2026-02-06,XLK,138.01,141.47,137.42,141.13,37131900,4.06
2026-02-09,XLK,140.6,144.03,139.91,143.35,24629500,1.57
2026-02-10,XLK,143.82,144.15,142.39,142.55,22564300,-0.56
2026-02-11,XLK,144.51,144.76,141.32,142.97,18905700,0.29
2026-02-12,XLK,143.31,143.77,138.92,139.21,32154700,-2.63
2026-02-13,XLK,139.56,140.91,137.93,139.56,26637100,0.25
2026-02-17,XLK,138.64,140.45,137.02,139.48,25743800,-0.06
2026-02-18,XLK,140.06,142.12,139.27,140.91,13705800,1.03
2026-02-19,XLK,140.09,140.71,139.28,140.21,13484000,-0.5
2026-02-20,XLK,139.2,141.75,138.97,140.88,14942400,0.48
2026-02-23,XLK,140.18,140.65,137.89,138.52,22021900,-1.68
2026-02-24,XLK,139.24,140.94,138.19,140.32,13030600,1.3
2026-02-25,XLK,141.36,143.34,141.21,143.01,13296000,1.92
2026-02-26,XLK,142.94,143.01,139.26,141.01,19364900,-1.4
2026-02-27,XLK,138.31,139.77,137.94,138.76,15325900,-1.6
